Countries,Products,Quantity,Revenue per product,Cost per product,Order Date,Revenues,Costs,Profit
Nigeria,Type A Charger,292,5,2,2022-02-01 00:00:00,1460,584,876
Ghana,Type A Charger,974,5,2,2022-02-01 00:00:00,4870,1948,2922
Nigeria,Type A Charger,2518,5,2,2022-06-01 00:00:00,12590,5036,7554
Kenya,Type A Charger,1006,5,2,2022-06-01 00:00:00,5030,2012,3018
Kenya,Type A Charger,367,5,2,2022-07-01 00:00:00,1835,734,1101
Ghana,Type A Charger,883,5,2,2022-08-01 00:00:00,4415,1766,2649
Zambia,Type A Charger,549,5,2,2021-09-01 00:00:00,2745,1098,1647
Ghana,Type A Charger,788,5,2,2021-09-01 00:00:00,3940,1576,2364
Ghana,Type A Charger,2472,5,2,2022-09-01 00:00:00,12360,4944,7416
South Africa,Type A Charger,1143,5,2,2022-10-01 00:00:00,5715,2286,3429
Nigeria,Type A Charger,1725,5,2,2021-11-01 00:00:00,8625,3450,5175
South Africa,Type A Charger,912,5,2,2021-11-01 00:00:00,4560,1824,2736
Nigeria,Type A Charger,2152,5,2,2021-12-01 00:00:00,10760,4304,6456
Nigeria,Type A Charger,1817,5,2,2022-12-01 00:00:00,9085,3634,5451
Kenya,Type A Charger,1513,5,2,2022-12-01 00:00:00,7565,3026,4539
Zambia,Type A Charger,3945,5,2,2022-01-01 00:00:00,19725,7890,11835
Zambia,Type A Charger,2296,5,2,2022-02-01 00:00:00,11480,4592,6888
Zambia,Type A Charger,1030,5,2,2022-05-01 00:00:00,5150,2060,3090
South Africa,Type A Charger,1514,5,2,2022-02-01 00:00:00,7570,3028,4542
South Africa,Type A Charger,4492.5,5,2,2022-04-01 00:00:00,22462.5,8985,13477.5
South Africa,Type A Charger,727,5,2,2022-06-01 00:00:00,3635,1454,2181
Zambia,Type A Charger,787,5,2,2022-06-01 00:00:00,3935,1574,2361
Ghana,Type A Charger,1823,5,2,2022-07-01 00:00:00,9115,3646,5469
Kenya,Type A Charger,747,5,2,2022-09-01 00:00:00,3735,1494,2241
Kenya,Type A Charger,766,5,2,2021-10-01 00:00:00,3830,1532,2298
South Africa,Type A Charger,2905,5,2,2022-11-01 00:00:00,14525,5810,8715
Zambia,Type A Charger,2155,5,2,2022-12-01 00:00:00,10775,4310,6465
Nigeria,Type A Charger,2363,5,2,2022-02-01 00:00:00,11815,4726,7089
Zambia,Type A Charger,918,5,2,2022-05-01 00:00:00,4590,1836,2754
Kenya,Type A Charger,1728,5,2,2022-05-01 00:00:00,8640,3456,5184
South Africa,Type A Charger,1142,5,2,2022-06-01 00:00:00,5710,2284,3426
Ghana,Type A Charger,662,5,2,2022-06-01 00:00:00,3310,1324,1986
Nigeria,Type A Charger,1295,5,2,2022-10-01 00:00:00,6475,2590,3885
Kenya,Type A Charger,809,5,2,2021-10-01 00:00:00,4045,1618,2427
Ghana,Type A Charger,2145,5,2,2021-10-01 00:00:00,10725,4290,6435
Zambia,Type A Charger,1785,5,2,2021-11-01 00:00:00,8925,3570,5355
Nigeria,Type A Charger,1916,5,2,2022-12-01 00:00:00,9580,3832,5748
Nigeria,Type A Charger,2852,5,2,2022-12-01 00:00:00,14260,5704,8556
Nigeria,Type A Charger,2729,5,2,2022-12-01 00:00:00,13645,5458,8187
South Africa,Type A Charger,1925,5,2,2021-12-01 00:00:00,9625,3850,5775
South Africa,Type A Charger,2013,5,2,2021-12-01 00:00:00,10065,4026,6039
Zambia,Type A Charger,1055,5,2,2022-12-01 00:00:00,5275,2110,3165
Ghana,Type A Charger,1084,5,2,2022-12-01 00:00:00,5420,2168,3252
Zambia,Type A Charger,2434.5,5,2,2022-01-01 00:00:00,12172.5,4869,7303.5
Nigeria,Type A Charger,1774,5,2,2022-03-01 00:00:00,8870,3548,5322
Zambia,Type A Charger,1901,5,2,2022-06-01 00:00:00,9505,3802,5703
Kenya,Type A Charger,689,5,2,2022-06-01 00:00:00,3445,1378,2067
Kenya,Type A Charger,1570,5,2,2022-06-01 00:00:00,7850,3140,4710
South Africa,Type A Charger,1369.5,5,2,2022-07-01 00:00:00,6847.5,2739,4108.5
Nigeria,Type A Charger,2009,5,2,2022-10-01 00:00:00,10045,4018,6027
Kenya,Type A Charger,1945,5,2,2021-10-01 00:00:00,9725,3890,5835
Zambia,Type A Charger,1287,5,2,2022-12-01 00:00:00,6435,2574,3861
Kenya,Type A Charger,1706,5,2,2022-12-01 00:00:00,8530,3412,5118
Ghana,Type A Charger,1760,5,2,2021-09-01 00:00:00,8800,3520,5280
Ghana,Type A Charger,2031,5,2,2022-10-01 00:00:00,10155,4062,6093
Zambia,Type A Charger,2261,5,2,2021-12-01 00:00:00,11305,4522,6783
Nigeria,Type A Charger,4251,5,2,2022-01-01 00:00:00,21255,8502,12753
Kenya,Type A Charger,795,5,2,2022-03-01 00:00:00,3975,1590,2385
Kenya,Type A Charger,1414.5,5,2,2022-04-01 00:00:00,7072.5,2829,4243.5
South Africa,Type A Charger,2918,5,2,2022-05-01 00:00:00,14590,5836,8754
South Africa,Type A Charger,3450,5,2,2022-07-01 00:00:00,17250,6900,10350
Zambia,Type A Charger,2988,5,2,2022-07-01 00:00:00,14940,5976,8964
Nigeria,Type A Charger,218,5,2,2022-09-01 00:00:00,1090,436,654
Nigeria,Type A Charger,2074,5,2,2022-09-01 00:00:00,10370,4148,6222
South Africa,Type A Charger,1056,5,2,2022-09-01 00:00:00,5280,2112,3168
South Africa,Type A Charger,671,5,2,2021-10-01 00:00:00,3355,1342,2013
Ghana,Type A Charger,1514,5,2,2021-10-01 00:00:00,7570,3028,4542
South Africa,Type A Charger,274,5,2,2022-12-01 00:00:00,1370,548,822
Ghana,Type A Charger,1138,5,2,2022-12-01 00:00:00,5690,2276,3414
Kenya,Type A Charger,1372,5,2,2022-01-01 00:00:00,6860,2744,4116
Nigeria,Type A Charger,2349,5,2,2021-09-01 00:00:00,11745,4698,7047
Ghana,Type A Charger,2689,5,2,2022-10-01 00:00:00,13445,5378,8067
Nigeria,Type A Charger,2431,5,2,2022-12-01 00:00:00,12155,4862,7293
Zambia,Type A Charger,1303,5,2,2022-02-01 00:00:00,6515,2606,3909
South Africa,Type A Charger,2992,5,2,2022-03-01 00:00:00,14960,5984,8976
Zambia,Type A Charger,2385,5,2,2022-03-01 00:00:00,11925,4770,7155
Ghana,Type A Charger,1607,5,2,2022-04-01 00:00:00,8035,3214,4821
South Africa,Type A Charger,2327,5,2,2022-05-01 00:00:00,11635,4654,6981
South Africa,Type A Charger,991,5,2,2022-06-01 00:00:00,4955,1982,2973
South Africa,Type A Charger,602,5,2,2022-06-01 00:00:00,3010,1204,1806
Zambia,Type A Charger,2620,5,2,2022-09-01 00:00:00,13100,5240,7860
Nigeria,Type A Charger,1228,5,2,2021-10-01 00:00:00,6140,2456,3684
Nigeria,Type A Charger,1389,5,2,2021-10-01 00:00:00,6945,2778,4167
South Africa,Type A Charger,861,5,2,2022-10-01 00:00:00,4305,1722,2583
Zambia,Type A Charger,704,5,2,2021-10-01 00:00:00,3520,1408,2112
Nigeria,Type A Charger,1802,5,2,2021-12-01 00:00:00,9010,3604,5406
South Africa,Type A Charger,2663,5,2,2022-12-01 00:00:00,13315,5326,7989
Zambia,Type A Charger,2136,5,2,2021-12-01 00:00:00,10680,4272,6408
Kenya,Type A Charger,2116,5,2,2021-12-01 00:00:00,10580,4232,6348
Zambia,Type A Charger,3801,5,2,2022-04-01 00:00:00,19005,7602,11403
Zambia,Type A Charger,1496,5,2,2022-06-01 00:00:00,7480,2992,4488
Nigeria,Type A Charger,2299,5,2,2021-10-01 00:00:00,11495,4598,6897
South Africa,Type A Charger,727,5,2,2021-10-01 00:00:00,3635,1454,2181
South Africa,Type A Charger,2198,5,2,2022-08-01 00:00:00,10990,4396,6594
Kenya,Type A Charger,1743,5,2,2022-08-01 00:00:00,8715,3486,5229
South Africa,Type A Charger,1153,5,2,2022-10-01 00:00:00,5765,2306,3459
Zambia,Type A Charger,1757,5,2,2021-10-01 00:00:00,8785,3514,5271
Zambia,Type A Charger,1031,5,2,2021-09-01 00:00:00,5155,2062,3093
Nigeria,Type A Charger,1702,5,2,2022-05-01 00:00:00,8510,3404,5106
Zambia,Type A Charger,448,5,2,2022-06-01 00:00:00,2240,896,1344
Kenya,Type A Charger,3513,5,2,2022-07-01 00:00:00,17565,7026,10539
Zambia,Type A Charger,2101,5,2,2022-08-01 00:00:00,10505,4202,6303
South Africa,Type A Charger,2931,5,2,2021-09-01 00:00:00,14655,5862,8793
Zambia,Type A Charger,1535,5,2,2022-09-01 00:00:00,7675,3070,4605
Kenya,Type A Charger,1123,5,2,2021-09-01 00:00:00,5615,2246,3369
Nigeria,Type A Charger,1404,5,2,2021-11-01 00:00:00,7020,2808,4212
Ghana,Type A Charger,2763,5,2,2021-11-01 00:00:00,13815,5526,8289
Kenya,Type A Charger,2125,5,2,2021-12-01 00:00:00,10625,4250,6375
Nigeria,Type A Charger,257,5,2,2022-05-01 00:00:00,1285,514,771
Ghana,Type A Charger,1114,5,2,2022-03-01 00:00:00,5570,2228,3342
Kenya,Type A Charger,1259,5,2,2022-04-01 00:00:00,6295,2518,3777
Kenya,Type A Charger,1095,5,2,2022-05-01 00:00:00,5475,2190,3285
Kenya,Type A Charger,1366,5,2,2022-06-01 00:00:00,6830,2732,4098
Ghana,Type A Charger,2460,5,2,2022-06-01 00:00:00,12300,4920,7380
South Africa,Type A Charger,678,5,2,2022-08-01 00:00:00,3390,1356,2034
Kenya,Type A Charger,1598,5,2,2022-08-01 00:00:00,7990,3196,4794
Kenya,Type A Charger,2409,5,2,2021-09-01 00:00:00,12045,4818,7227
Kenya,Type A Charger,1934,5,2,2022-09-01 00:00:00,9670,3868,5802
Ghana,Type A Charger,2993,5,2,2022-09-01 00:00:00,14965,5986,8979
Kenya,Type A Charger,2146,5,2,2021-11-01 00:00:00,10730,4292,6438
Ghana,Type A Charger,1946,5,2,2021-12-01 00:00:00,9730,3892,5838
Ghana,Type A Charger,1362,5,2,2022-12-01 00:00:00,6810,2724,4086
Ghana,Type A Charger,2565,5,2,2022-01-01 00:00:00,12825,5130,7695
Ghana,Type A Charger,2417,5,2,2022-01-01 00:00:00,12085,4834,7251
South Africa,Type A Charger,3675,5,2,2022-04-01 00:00:00,18375,7350,11025
Nigeria,Type A Charger,1094,5,2,2022-06-01 00:00:00,5470,2188,3282
Zambia,Type A Charger,1227,5,2,2022-10-01 00:00:00,6135,2454,3681
Ghana,Type A Charger,367,5,2,2021-10-01 00:00:00,1835,734,1101
Zambia,Type A Charger,1324,5,2,2022-11-01 00:00:00,6620,2648,3972
Kenya,Type A Charger,1775,5,2,2021-11-01 00:00:00,8875,3550,5325
South Africa,Type A Charger,2797,5,2,2022-12-01 00:00:00,13985,5594,8391
South Africa,Type A Charger,973,5,2,2022-03-01 00:00:00,4865,1946,2919
Ghana,Type A Charger,1038,5,2,2022-06-01 00:00:00,5190,2076,3114
Kenya,Type A Charger,360,5,2,2022-10-01 00:00:00,1800,720,1080
South Africa,Type A Charger,386,5,2,2021-10-01 00:00:00,1930,772,1158
Zambia,Type A Charger,1954,5,2,2022-03-01 00:00:00,9770,3908,5862
Ghana,Type A Charger,591,5,2,2022-05-01 00:00:00,2955,1182,1773
Zambia,Type A Charger,2167,5,2,2021-10-01 00:00:00,10835,4334,6501
Kenya,Type A Charger,241,5,2,2022-10-01 00:00:00,1205,482,723
Zambia,Type A Charger,2532,5,2,2022-04-01 00:00:00,12660,5064,7596
Zambia,Type A Charger,1198,5,2,2021-10-01 00:00:00,5990,2396,3594
Nigeria,Type A Charger,873,5,2,2022-01-01 00:00:00,4365,1746,2619
Ghana,Type A Charger,1122,5,2,2022-03-01 00:00:00,5610,2244,3366
Nigeria,Type A Charger,2104.5,5,2,2022-07-01 00:00:00,10522.5,4209,6313.5
Nigeria,Type A Charger,4026,5,2,2022-07-01 00:00:00,20130,8052,12078
Zambia,Type A Charger,2425.5,5,2,2022-07-01 00:00:00,12127.5,4851,7276.5
Nigeria,Type A Charger,2394,5,2,2022-08-01 00:00:00,11970,4788,7182
Ghana,Type A Charger,1984,5,2,2022-08-01 00:00:00,9920,3968,5952
Zambia,Type A Charger,2441,5,2,2022-10-01 00:00:00,12205,4882,7323
Kenya,Type A Charger,2992,5,2,2021-10-01 00:00:00,14960,5984,8976
Nigeria,Type A Charger,1366,5,2,2022-11-01 00:00:00,6830,2732,4098
South Africa,Type A Charger,380,5,2,2021-09-01 00:00:00,1900,760,1140
South Africa,Type A Charger,3495,5,2,2022-01-01 00:00:00,17475,6990,10485
Ghana,Type A Charger,886,5,2,2022-06-01 00:00:00,4430,1772,2658
Ghana,Type A Charger,2156,5,2,2022-10-01 00:00:00,10780,4312,6468
Ghana,Type A Charger,905,5,2,2022-10-01 00:00:00,4525,1810,2715
Ghana,Type A Charger,1715,5,2,2021-10-01 00:00:00,8575,3430,5145
Zambia,Type A Charger,1594,5,2,2022-11-01 00:00:00,7970,3188,4782
Kenya,Type A Charger,1359,5,2,2022-11-01 00:00:00,6795,2718,4077
Ghana,Type A Charger,2150,5,2,2022-11-01 00:00:00,10750,4300,6450
Ghana,Type A Charger,1197,5,2,2022-11-01 00:00:00,5985,2394,3591
Ghana,Type A Charger,380,5,2,2021-12-01 00:00:00,1900,760,1140
Ghana,Type A Charger,1233,5,2,2022-12-01 00:00:00,6165,2466,3699
Kenya,Type A Charger,1531,5,2,2022-12-01 00:00:00,7655,3062,4593
South Africa,Type A Charger,1438.5,5,2,2022-01-01 00:00:00,7192.5,2877,4315.5
Kenya,Type A Charger,807,5,2,2022-01-01 00:00:00,4035,1614,2421
South Africa,Type A Charger,2641,5,2,2022-02-01 00:00:00,13205,5282,7923
Kenya,Type A Charger,2708,5,2,2022-02-01 00:00:00,13540,5416,8124
Nigeria,Type A Charger,2632,5,2,2022-06-01 00:00:00,13160,5264,7896
Nigeria,Type A Charger,1583,5,2,2022-06-01 00:00:00,7915,3166,4749
Ghana,Type A Charger,571,5,2,2022-07-01 00:00:00,2855,1142,1713
Zambia,Type A Charger,2696,5,2,2022-08-01 00:00:00,13480,5392,8088
Nigeria,Type A Charger,1565,5,2,2022-10-01 00:00:00,7825,3130,4695
Nigeria,Type A Charger,1249,5,2,2022-10-01 00:00:00,6245,2498,3747
Kenya,Type A Charger,357,5,2,2022-11-01 00:00:00,1785,714,1071
Kenya,Type A Charger,1013,5,2,2022-12-01 00:00:00,5065,2026,3039
Kenya,Type A Charger,278,5,2,2022-02-01 00:00:00,1390,556,834
Nigeria,Type A Charger,2428,5,2,2022-03-01 00:00:00,12140,4856,7284
South Africa,Type A Charger,1767,5,2,2022-09-01 00:00:00,8835,3534,5301
Zambia,Type A Charger,1393,5,2,2022-10-01 00:00:00,6965,2786,4179
Ghana,Type A Charger,260,5,2,2022-02-01 00:00:00,1300,520,780
Nigeria,Type A Charger,2470,5,2,2021-09-01 00:00:00,12350,4940,7410
Nigeria,Type A Charger,1743,5,2,2021-10-01 00:00:00,8715,3486,5229
South Africa,Type A Charger,2914,5,2,2022-10-01 00:00:00,14570,5828,8742
Zambia,Type A Charger,1731,5,2,2022-10-01 00:00:00,8655,3462,5193
Nigeria,Type A Charger,700,5,2,2022-11-01 00:00:00,3500,1400,2100
Nigeria,Type A Charger,2222,5,2,2021-11-01 00:00:00,11110,4444,6666
South Africa,Type A Charger,1177,5,2,2022-11-01 00:00:00,5885,2354,3531
Zambia,Type A Charger,1922,5,2,2021-11-01 00:00:00,9610,3844,5766
Kenya,Type A Charger,1158,5,2,2022-03-01 00:00:00,5790,2316,3474
Nigeria,Type A Charger,1614,5,2,2022-04-01 00:00:00,8070,3228,4842
Ghana,Type A Charger,2535,5,2,2022-04-01 00:00:00,12675,5070,7605
Ghana,Type A Charger,2851,5,2,2022-05-01 00:00:00,14255,5702,8553
Nigeria,Type A Charger,2559,5,2,2022-08-01 00:00:00,12795,5118,7677
South Africa,Type A Charger,267,5,2,2021-10-01 00:00:00,1335,534,801
Kenya,Type A Charger,1085,5,2,2022-10-01 00:00:00,5425,2170,3255
Kenya,Type A Charger,1175,5,2,2022-10-01 00:00:00,5875,2350,3525
South Africa,Type A Charger,2007,5,2,2021-11-01 00:00:00,10035,4014,6021
Ghana,Type A Charger,2151,5,2,2021-11-01 00:00:00,10755,4302,6453
South Africa,Type A Charger,914,5,2,2022-12-01 00:00:00,4570,1828,2742
Zambia,Type A Charger,293,5,2,2022-12-01 00:00:00,1465,586,879
Nigeria,Type A Charger,723,5,2,2022-04-01 00:00:00,3615,1446,2169
Kenya,Type B Charger,921,1,0.2,2022-03-01 00:00:00,921,184.2,736.8
Nigeria,Type B Charger,2518,1,0.2,2022-06-01 00:00:00,2518,503.6,2014.4
Zambia,Type B Charger,1899,1,0.2,2022-06-01 00:00:00,1899,379.8,1519.2
Kenya,Type B Charger,1545,1,0.2,2022-06-01 00:00:00,1545,309,1236
Ghana,Type B Charger,2470,1,0.2,2022-06-01 00:00:00,2470,494,1976
Nigeria,Type B Charger,2665.5,1,0.2,2022-07-01 00:00:00,2665.5,533.1,2132.4
Ghana,Type B Charger,958,1,0.2,2022-08-01 00:00:00,958,191.6,766.4
Kenya,Type B Charger,2146,1,0.2,2022-09-01 00:00:00,2146,429.2,1716.8
Nigeria,Type B Charger,345,1,0.2,2021-10-01 00:00:00,345,69,276
South Africa,Type B Charger,615,1,0.2,2022-12-01 00:00:00,615,123,492
Ghana,Type B Charger,2214,1,0.2,2022-03-01 00:00:00,2214,442.8,1771.2
South Africa,Type B Charger,2301,1,0.2,2022-04-01 00:00:00,2301,460.2,1840.8
Zambia,Type B Charger,1375.5,1,0.2,2022-07-01 00:00:00,1375.5,275.1,1100.4
Nigeria,Type B Charger,1830,1,0.2,2022-08-01 00:00:00,1830,366,1464
South Africa,Type B Charger,2498,1,0.2,2021-09-01 00:00:00,2498,499.6,1998.4
South Africa,Type B Charger,663,1,0.2,2021-10-01 00:00:00,663,132.6,530.4
South Africa,Type B Charger,1142,1,0.2,2022-06-01 00:00:00,1142,228.4,913.6
South Africa,Type B Charger,1566,1,0.2,2022-10-01 00:00:00,1566,313.2,1252.8
Ghana,Type B Charger,690,1,0.2,2022-11-01 00:00:00,690,138,552
Ghana,Type B Charger,1660,1,0.2,2021-11-01 00:00:00,1660,332,1328
Kenya,Type B Charger,1958,1,0.2,2022-02-01 00:00:00,1958,391.6,1566.4
Zambia,Type B Charger,1901,1,0.2,2022-06-01 00:00:00,1901,380.2,1520.8
Zambia,Type B Charger,544,1,0.2,2022-09-01 00:00:00,544,108.8,435.2
Kenya,Type B Charger,1797,1,0.2,2021-09-01 00:00:00,1797,359.4,1437.6
Zambia,Type B Charger,1287,1,0.2,2022-12-01 00:00:00,1287,257.4,1029.6
Kenya,Type B Charger,1706,1,0.2,2022-12-01 00:00:00,1706,341.2,1364.8
Ghana,Type B Charger,2031,1,0.2,2022-10-01 00:00:00,2031,406.2,1624.8
Nigeria,Type B Charger,1967,1,0.2,2022-03-01 00:00:00,1967,393.4,1573.6
Kenya,Type B Charger,1859,1,0.2,2022-08-01 00:00:00,1859,371.8,1487.2
Nigeria,Type B Charger,2851,1,0.2,2021-10-01 00:00:00,2851,570.2,2280.8
Kenya,Type B Charger,2021,1,0.2,2022-10-01 00:00:00,2021,404.2,1616.8
Ghana,Type B Charger,1138,1,0.2,2022-12-01 00:00:00,1138,227.6,910.4
Kenya,Type B Charger,1159,1,0.2,2021-10-01 00:00:00,1159,231.8,927.2
Zambia,Type B Charger,1384.5,1,0.2,2022-01-01 00:00:00,1384.5,276.9,1107.6
South Africa,Type B Charger,3627,1,0.2,2022-07-01 00:00:00,3627,725.4,2901.6
Ghana,Type B Charger,720,1,0.2,2021-09-01 00:00:00,720,144,576
Kenya,Type B Charger,2342,1,0.2,2022-11-01 00:00:00,2342,468.4,1873.6
Ghana,Type B Charger,1100,1,0.2,2021-12-01 00:00:00,1100,220,880
Ghana,Type B Charger,980,1,0.2,2022-04-01 00:00:00,980,196,784
Kenya,Type B Charger,1460,1,0.2,2022-05-01 00:00:00,1460,292,1168
Zambia,Type B Charger,1403,1,0.2,2021-10-01 00:00:00,1403,280.6,1122.4
South Africa,Type B Charger,2723,1,0.2,2022-11-01 00:00:00,2723,544.6,2178.4
Zambia,Type B Charger,1757,1,0.2,2021-10-01 00:00:00,1757,351.4,1405.6
Ghana,Type B Charger,2340,1,0.2,2022-01-01 00:00:00,2340,468,1872
Zambia,Type B Charger,2342,1,0.2,2022-11-01 00:00:00,2342,468.4,1873.6
Zambia,Type B Charger,1976,1,0.2,2022-10-01 00:00:00,1976,395.2,1580.8
Zambia,Type B Charger,2181,1,0.2,2022-10-01 00:00:00,2181,436.2,1744.8
Kenya,Type B Charger,2500,1,0.2,2021-11-01 00:00:00,2500,500,2000
Nigeria,Type B Charger,488,1,0.2,2022-02-01 00:00:00,488,97.6,390.4
South Africa,Type B Charger,1282,1,0.2,2022-06-01 00:00:00,1282,256.4,1025.6
Zambia,Type B Charger,2501,1,0.2,2022-03-01 00:00:00,2501,500.2,2000.8
Nigeria,Type B Charger,708,1,0.2,2022-06-01 00:00:00,708,141.6,566.4
Kenya,Type B Charger,645,1,0.2,2022-07-01 00:00:00,645,129,516
Zambia,Type B Charger,1562,1,0.2,2022-08-01 00:00:00,1562,312.4,1249.6
Nigeria,Type B Charger,1283,1,0.2,2021-09-01 00:00:00,1283,256.6,1026.4
Kenya,Type B Charger,711,1,0.2,2022-12-01 00:00:00,711,142.2,568.8
Nigeria,Type B Charger,3802.5,1,0.2,2022-04-01 00:00:00,3802.5,760.5,3042
Zambia,Type B Charger,1666,1,0.2,2022-05-01 00:00:00,1666,333.2,1332.8
Zambia,Type B Charger,322,1,0.2,2021-09-01 00:00:00,322,64.4,257.6
Nigeria,Type B Charger,2321,1,0.2,2022-11-01 00:00:00,2321,464.2,1856.8
Zambia,Type B Charger,1857,1,0.2,2021-11-01 00:00:00,1857,371.4,1485.6
Nigeria,Type B Charger,1611,1,0.2,2021-12-01 00:00:00,1611,322.2,1288.8
South Africa,Type B Charger,2797,1,0.2,2022-12-01 00:00:00,2797,559.4,2237.6
Kenya,Type B Charger,334,1,0.2,2021-12-01 00:00:00,334,66.8,267.2
South Africa,Type B Charger,2328,1,0.2,2022-09-01 00:00:00,2328,465.6,1862.4
South Africa,Type B Charger,2313,1,0.2,2022-05-01 00:00:00,2313,462.6,1850.4
South Africa,Type B Charger,1804,1,0.2,2021-11-01 00:00:00,1804,360.8,1443.2
Zambia,Type B Charger,2072,1,0.2,2022-12-01 00:00:00,2072,414.4,1657.6
Kenya,Type B Charger,766,1,0.2,2022-01-01 00:00:00,766,153.2,612.8
Kenya,Type B Charger,2992,1,0.2,2021-10-01 00:00:00,2992,598.4,2393.6
Ghana,Type B Charger,2157,1,0.2,2022-12-01 00:00:00,2157,431.4,1725.6
South Africa,Type B Charger,677,1,0.2,2022-03-01 00:00:00,677,135.4,541.6
Zambia,Type B Charger,1773,1,0.2,2022-04-01 00:00:00,1773,354.6,1418.4
Ghana,Type B Charger,2420,1,0.2,2022-09-01 00:00:00,2420,484,1936
Nigeria,Type B Charger,2734,1,0.2,2022-10-01 00:00:00,2734,546.8,2187.2
Ghana,Type B Charger,1715,1,0.2,2021-10-01 00:00:00,1715,343,1372
Zambia,Type B Charger,1186,1,0.2,2021-12-01 00:00:00,1186,237.2,948.8
Ghana,Type B Charger,2661,1,0.2,2022-05-01 00:00:00,2661,532.2,2128.8
South Africa,Type B Charger,982.5,1,0.2,2022-01-01 00:00:00,982.5,196.5,786
South Africa,Type B Charger,1298,1,0.2,2022-02-01 00:00:00,1298,259.6,1038.4
Ghana,Type B Charger,604,1,0.2,2022-06-01 00:00:00,604,120.8,483.2
Ghana,Type B Charger,2255,1,0.2,2022-07-01 00:00:00,2255,451,1804
Nigeria,Type B Charger,1249,1,0.2,2022-10-01 00:00:00,1249,249.8,999.2
Zambia,Type B Charger,293,1,0.2,2022-02-01 00:00:00,293,58.6,234.4
South Africa,Type B Charger,2996,1,0.2,2021-10-01 00:00:00,2996,599.2,2396.8
Nigeria,Type B Charger,2227.5,1,0.2,2022-01-01 00:00:00,2227.5,445.5,1782
Kenya,Type B Charger,1199,1,0.2,2022-04-01 00:00:00,1199,239.8,959.2
Nigeria,Type B Charger,200,1,0.2,2022-05-01 00:00:00,200,40,160
Nigeria,Type B Charger,388,1,0.2,2022-09-01 00:00:00,388,77.6,310.4
Ghana,Type B Charger,1727,1,0.2,2021-10-01 00:00:00,1727,345.4,1381.6
Nigeria,Type B Charger,2300,1,0.2,2022-12-01 00:00:00,2300,460,1840
Ghana,Type B Charger,546,1,0.2,2022-10-01 00:00:00,546,109.2,436.8
Ghana,Type B Charger,1368,1,0.2,2022-02-01 00:00:00,1368,273.6,1094.4
Zambia,Type C Charger,2750,5,2.2,2022-02-01 00:00:00,13750,6050,7700
South Africa,Type C Charger,1953,5,2.2,2022-04-01 00:00:00,9765,4296.6,5468.4
Kenya,Type C Charger,4219.5,5,2.2,2022-04-01 00:00:00,21097.5,9282.9,11814.6
Zambia,Type C Charger,1899,5,2.2,2022-06-01 00:00:00,9495,4177.8,5317.2
Kenya,Type C Charger,1686,5,2.2,2022-07-01 00:00:00,8430,3709.2,4720.8
South Africa,Type C Charger,2141,5,2.2,2022-08-01 00:00:00,10705,4710.2,5994.8
South Africa,Type C Charger,1143,5,2.2,2022-10-01 00:00:00,5715,2514.6,3200.4
South Africa,Type C Charger,615,5,2.2,2022-12-01 00:00:00,3075,1353,1722
South Africa,Type C Charger,1989,5,2.2,2021-09-01 00:00:00,9945,4375.8,5569.2
Zambia,Type C Charger,321,5,2.2,2021-11-01 00:00:00,1605,706.2,898.8
Kenya,Type C Charger,259,5,2.2,2022-03-01 00:00:00,1295,569.8,725.2
Ghana,Type C Charger,1101,5,2.2,2022-03-01 00:00:00,5505,2422.2,3082.8
Kenya,Type C Charger,2276,5,2.2,2022-05-01 00:00:00,11380,5007.2,6372.8
Kenya,Type C Charger,2966,5,2.2,2021-10-01 00:00:00,14830,6525.2,8304.8
South Africa,Type C Charger,1236,5,2.2,2022-11-01 00:00:00,6180,2719.2,3460.8
Zambia,Type C Charger,941,5,2.2,2022-11-01 00:00:00,4705,2070.2,2634.8
Nigeria,Type C Charger,1916,5,2.2,2022-12-01 00:00:00,9580,4215.2,5364.8
Ghana,Type C Charger,1865,5,2.2,2022-02-01 00:00:00,9325,4103,5222
Ghana,Type C Charger,1074,5,2.2,2022-04-01 00:00:00,5370,2362.8,3007.2
Kenya,Type C Charger,1907,5,2.2,2022-09-01 00:00:00,9535,4195.4,5339.6
South Africa,Type C Charger,671,5,2.2,2021-10-01 00:00:00,3355,1476.2,1878.8
Nigeria,Type C Charger,1778,5,2.2,2021-12-01 00:00:00,8890,3911.6,4978.4
Ghana,Type C Charger,1683,5,2.2,2022-07-01 00:00:00,8415,3702.6,4712.4
Ghana,Type C Charger,1123,5,2.2,2022-08-01 00:00:00,5615,2470.6,3144.4
Kenya,Type C Charger,1159,5,2.2,2021-10-01 00:00:00,5795,2549.8,3245.2
Kenya,Type C Charger,1350,5,2.2,2022-02-01 00:00:00,6750,2970,3780
Nigeria,Type C Charger,552,5,2.2,2022-08-01 00:00:00,2760,1214.4,1545.6
Nigeria,Type C Charger,1228,5,2.2,2021-10-01 00:00:00,6140,2701.6,3438.4
Kenya,Type C Charger,1250,5,2.2,2022-12-01 00:00:00,6250,2750,3500
Zambia,Type C Charger,1987.5,5,2.2,2022-01-01 00:00:00,9937.5,4372.5,5565
Ghana,Type C Charger,1679,5,2.2,2022-09-01 00:00:00,8395,3693.8,4701.2
South Africa,Type C Charger,727,5,2.2,2021-10-01 00:00:00,3635,1599.4,2035.6
Zambia,Type C Charger,1403,5,2.2,2021-10-01 00:00:00,7015,3086.6,3928.4
Zambia,Type C Charger,2076,5,2.2,2021-10-01 00:00:00,10380,4567.2,5812.8
Nigeria,Type C Charger,1135,5,2.2,2022-06-01 00:00:00,5675,2497,3178
Nigeria,Type C Charger,1645,5,2.2,2022-05-01 00:00:00,8225,3619,4606
Zambia,Type C Charger,2876,5,2.2,2022-09-01 00:00:00,14380,6327.2,8052.8
Kenya,Type C Charger,994,5,2.2,2021-09-01 00:00:00,4970,2186.8,2783.2
Nigeria,Type C Charger,1118,5,2.2,2022-11-01 00:00:00,5590,2459.6,3130.4
South Africa,Type C Charger,1372,5,2.2,2022-12-01 00:00:00,6860,3018.4,3841.6
South Africa,Type C Charger,1282,5,2.2,2022-06-01 00:00:00,6410,2820.4,3589.6
Nigeria,Type C Charger,708,5,2.2,2022-06-01 00:00:00,3540,1557.6,1982.4
South Africa,Type C Charger,2907,5,2.2,2022-06-01 00:00:00,14535,6395.4,8139.6
Kenya,Type C Charger,1366,5,2.2,2022-06-01 00:00:00,6830,3005.2,3824.8
Ghana,Type C Charger,2460,5,2.2,2022-06-01 00:00:00,12300,5412,6888
Kenya,Type C Charger,1520,5,2.2,2022-11-01 00:00:00,7600,3344,4256
Kenya,Type C Charger,711,5,2.2,2022-12-01 00:00:00,3555,1564.2,1990.8
Ghana,Type C Charger,1375,5,2.2,2021-12-01 00:00:00,6875,3025,3850
Ghana,Type C Charger,635,5,2.2,2022-12-01 00:00:00,3175,1397,1778
South Africa,Type C Charger,2071,5,2.2,2022-09-01 00:00:00,10355,4556.2,5798.8
Nigeria,Type C Charger,1269,5,2.2,2022-10-01 00:00:00,6345,2791.8,3553.2
Kenya,Type C Charger,970,5,2.2,2021-11-01 00:00:00,4850,2134,2716
Ghana,Type C Charger,1694,5,2.2,2022-11-01 00:00:00,8470,3726.8,4743.2
Ghana,Type C Charger,1038,5,2.2,2022-06-01 00:00:00,5190,2283.6,2906.4
Nigeria,Type C Charger,1630.5,5,2.2,2022-07-01 00:00:00,8152.5,3587.1,4565.4
Zambia,Type C Charger,306,5,2.2,2021-12-01 00:00:00,1530,673.2,856.8
South Africa,Type C Charger,579,5,2.2,2022-01-01 00:00:00,2895,1273.8,1621.2
Nigeria,Type C Charger,2240,5,2.2,2022-02-01 00:00:00,11200,4928,6272
South Africa,Type C Charger,2993,5,2.2,2022-03-01 00:00:00,14965,6584.6,8380.4
Nigeria,Type C Charger,3520.5,5,2.2,2022-04-01 00:00:00,17602.5,7745.1,9857.4
Ghana,Type C Charger,2039,5,2.2,2022-05-01 00:00:00,10195,4485.8,5709.2
Kenya,Type C Charger,2574,5,2.2,2022-08-01 00:00:00,12870,5662.8,7207.2
Nigeria,Type C Charger,707,5,2.2,2022-09-01 00:00:00,3535,1555.4,1979.6
Zambia,Type C Charger,2072,5,2.2,2022-12-01 00:00:00,10360,4558.4,5801.6
Zambia,Type C Charger,853,5,2.2,2022-12-01 00:00:00,4265,1876.6,2388.4
South Africa,Type C Charger,3199.5,5,2.2,2022-07-01 00:00:00,15997.5,7038.9,8958.6
Kenya,Type C Charger,472,5,2.2,2022-10-01 00:00:00,2360,1038.4,1321.6
Kenya,Type C Charger,3165,5,2.2,2022-01-01 00:00:00,15825,6963,8862
Ghana,Type C Charger,2629,5,2.2,2022-01-01 00:00:00,13145,5783.8,7361.2
Zambia,Type C Charger,1433,5,2.2,2022-05-01 00:00:00,7165,3152.6,4012.4
Ghana,Type C Charger,947,5,2.2,2021-09-01 00:00:00,4735,2083.4,2651.6
Ghana,Type C Charger,344,5,2.2,2021-10-01 00:00:00,1720,756.8,963.2
Ghana,Type C Charger,2157,5,2.2,2022-12-01 00:00:00,10785,4745.4,6039.6
South Africa,Type C Charger,270,5,2.2,2022-02-01 00:00:00,1350,594,756
Zambia,Type C Charger,3421.5,5,2.2,2022-07-01 00:00:00,17107.5,7527.3,9580.2
Nigeria,Type C Charger,2734,5,2.2,2022-10-01 00:00:00,13670,6014.8,7655.2
South Africa,Type C Charger,2548,5,2.2,2021-11-01 00:00:00,12740,5605.6,7134.4
Nigeria,Type C Charger,2761,5,2.2,2021-09-01 00:00:00,13805,6074.2,7730.8
Nigeria,Type C Charger,1659,5,2.2,2022-01-01 00:00:00,8295,3649.8,4645.2
Zambia,Type C Charger,1190,5,2.2,2022-06-01 00:00:00,5950,2618,3332
Ghana,Type C Charger,410,5,2.2,2022-10-01 00:00:00,2050,902,1148
Kenya,Type C Charger,1770,5,2.2,2021-12-01 00:00:00,8850,3894,4956
Zambia,Type C Charger,1393,5,2.2,2022-10-01 00:00:00,6965,3064.6,3900.4
South Africa,Type C Charger,2015,5,2.2,2021-12-01 00:00:00,10075,4433,5642
Nigeria,Type C Charger,888,5,2.2,2022-03-01 00:00:00,4440,1953.6,2486.4
South Africa,Type C Charger,2844,5,2.2,2022-05-01 00:00:00,14220,6256.8,7963.2
Zambia,Type C Charger,2475,5,2.2,2022-08-01 00:00:00,12375,5445,6930
Nigeria,Type C Charger,1743,5,2.2,2021-10-01 00:00:00,8715,3834.6,4880.4
South Africa,Type C Charger,2914,5,2.2,2022-10-01 00:00:00,14570,6410.8,8159.2
Zambia,Type C Charger,1731,5,2.2,2022-10-01 00:00:00,8655,3808.2,4846.8
Ghana,Type C Charger,1727,5,2.2,2021-10-01 00:00:00,8635,3799.4,4835.6
Ghana,Type C Charger,1870,5,2.2,2021-11-01 00:00:00,9350,4114,5236
Zambia,Type C Charger,2475,5,2.2,2022-03-01 00:00:00,12375,5445,6930
Ghana,Type C Charger,546,5,2.2,2022-10-01 00:00:00,2730,1201.2,1528.8
Nigeria,Iphone Charger,1618.5,4,1.5,2022-01-01 00:00:00,6474,2427.75,4046.25
Kenya,Iphone Charger,1321,4,1.5,2022-01-01 00:00:00,5284,1981.5,3302.5
Zambia,Iphone Charger,2178,4,1.5,2022-06-01 00:00:00,8712,3267,5445
Kenya,Iphone Charger,888,4,1.5,2022-06-01 00:00:00,3552,1332,2220
Ghana,Iphone Charger,2470,4,1.5,2022-06-01 00:00:00,9880,3705,6175
Kenya,Iphone Charger,1513,4,1.5,2022-12-01 00:00:00,6052,2269.5,3782.5
South Africa,Iphone Charger,1858,4,1.5,2022-02-01 00:00:00,7432,2787,4645
Ghana,Iphone Charger,1210,4,1.5,2022-03-01 00:00:00,4840,1815,3025
South Africa,Iphone Charger,2529,4,1.5,2022-07-01 00:00:00,10116,3793.5,6322.5
Nigeria,Iphone Charger,1445,4,1.5,2022-09-01 00:00:00,5780,2167.5,3612.5
South Africa,Iphone Charger,330,4,1.5,2021-09-01 00:00:00,1320,495,825
Zambia,Iphone Charger,2671,4,1.5,2022-09-01 00:00:00,10684,4006.5,6677.5
Kenya,Iphone Charger,766,4,1.5,2021-10-01 00:00:00,3064,1149,1915
Ghana,Iphone Charger,494,4,1.5,2021-10-01 00:00:00,1976,741,1235
Ghana,Iphone Charger,1397,4,1.5,2022-10-01 00:00:00,5588,2095.5,3492.5
Zambia,Iphone Charger,2155,4,1.5,2022-12-01 00:00:00,8620,3232.5,5387.5
Nigeria,Iphone Charger,742.5,4,1.5,2022-04-01 00:00:00,2970,1113.75,1856.25
Nigeria,Iphone Charger,1295,4,1.5,2022-10-01 00:00:00,5180,1942.5,3237.5
Kenya,Iphone Charger,214,4,1.5,2021-10-01 00:00:00,856,321,535
Zambia,Iphone Charger,2145,4,1.5,2021-11-01 00:00:00,8580,3217.5,5362.5
Nigeria,Iphone Charger,2852,4,1.5,2022-12-01 00:00:00,11408,4278,7130
Zambia,Iphone Charger,4243.5,4,1.5,2022-04-01 00:00:00,16974,6365.25,10608.75
Kenya,Iphone Charger,2580,4,1.5,2022-04-01 00:00:00,10320,3870,6450
Kenya,Iphone Charger,689,4,1.5,2022-06-01 00:00:00,2756,1033.5,1722.5
South Africa,Iphone Charger,1947,4,1.5,2022-09-01 00:00:00,7788,2920.5,4867.5
Nigeria,Iphone Charger,908,4,1.5,2021-12-01 00:00:00,3632,1362,2270
Nigeria,Iphone Charger,831,4,1.5,2022-05-01 00:00:00,3324,1246.5,2077.5
Nigeria,Iphone Charger,2851,4,1.5,2021-10-01 00:00:00,11404,4276.5,7127.5
Kenya,Iphone Charger,2021,4,1.5,2022-10-01 00:00:00,8084,3031.5,5052.5
South Africa,Iphone Charger,274,4,1.5,2022-12-01 00:00:00,1096,411,685
Zambia,Iphone Charger,1865,4,1.5,2022-02-01 00:00:00,7460,2797.5,4662.5
Kenya,Iphone Charger,1116,4,1.5,2022-02-01 00:00:00,4464,1674,2790
Zambia,Iphone Charger,1563,4,1.5,2022-05-01 00:00:00,6252,2344.5,3907.5
South Africa,Iphone Charger,991,4,1.5,2022-06-01 00:00:00,3964,1486.5,2477.5
Kenya,Iphone Charger,1016,4,1.5,2021-11-01 00:00:00,4064,1524,2540
Ghana,Iphone Charger,2791,4,1.5,2022-11-01 00:00:00,11164,4186.5,6977.5
South Africa,Iphone Charger,570,4,1.5,2022-12-01 00:00:00,2280,855,1425
Zambia,Iphone Charger,2487,4,1.5,2022-12-01 00:00:00,9948,3730.5,6217.5
South Africa,Iphone Charger,1117.5,4,1.5,2022-01-01 00:00:00,4470,1676.25,2793.75
Nigeria,Iphone Charger,2844,4,1.5,2022-06-01 00:00:00,11376,4266,7110
Ghana,Iphone Charger,562,4,1.5,2022-09-01 00:00:00,2248,843,1405
Nigeria,Iphone Charger,2299,4,1.5,2021-10-01 00:00:00,9196,3448.5,5747.5
South Africa,Iphone Charger,2030,4,1.5,2022-11-01 00:00:00,8120,3045,5075
South Africa,Iphone Charger,263,4,1.5,2021-11-01 00:00:00,1052,394.5,657.5
Kenya,Iphone Charger,887,4,1.5,2021-12-01 00:00:00,3548,1330.5,2217.5
Ghana,Iphone Charger,727,4,1.5,2022-02-01 00:00:00,2908,1090.5,1817.5
Nigeria,Iphone Charger,1884,4,1.5,2022-08-01 00:00:00,7536,2826,4710
Ghana,Iphone Charger,1834,4,1.5,2021-09-01 00:00:00,7336,2751,4585
South Africa,Iphone Charger,1761,4,1.5,2022-03-01 00:00:00,7044,2641.5,4402.5
Zambia,Iphone Charger,448,4,1.5,2022-06-01 00:00:00,1792,672,1120
Zambia,Iphone Charger,2181,4,1.5,2022-10-01 00:00:00,8724,3271.5,5452.5
Ghana,Iphone Charger,1540,4,1.5,2022-08-01 00:00:00,6160,2310,3850
Zambia,Iphone Charger,490,4,1.5,2022-11-01 00:00:00,1960,735,1225
Ghana,Iphone Charger,1362,4,1.5,2022-12-01 00:00:00,5448,2043,3405
Nigeria,Iphone Charger,1094,4,1.5,2022-06-01 00:00:00,4376,1641,2735
Ghana,Iphone Charger,367,4,1.5,2021-10-01 00:00:00,1468,550.5,917.5
Kenya,Iphone Charger,663,4,1.5,2022-05-01 00:00:00,2652,994.5,1657.5
Nigeria,Iphone Charger,819,4,1.5,2022-07-01 00:00:00,3276,1228.5,2047.5
Kenya,Iphone Charger,1580,4,1.5,2022-09-01 00:00:00,6320,2370,3950
Ghana,Iphone Charger,521,4,1.5,2022-12-01 00:00:00,2084,781.5,1302.5
South Africa,Iphone Charger,386,4,1.5,2021-10-01 00:00:00,1544,579,965
South Africa,Iphone Charger,3445.5,4,1.5,2022-04-01 00:00:00,13782,5168.25,8613.75
Zambia,Iphone Charger,1482,4,1.5,2021-12-01 00:00:00,5928,2223,3705
Zambia,Iphone Charger,1198,4,1.5,2021-10-01 00:00:00,4792,1797,2995
Nigeria,Iphone Charger,1937,4,1.5,2022-02-01 00:00:00,7748,2905.5,4842.5
Kenya,Iphone Charger,792,4,1.5,2022-03-01 00:00:00,3168,1188,1980
Kenya,Iphone Charger,2811,4,1.5,2022-07-01 00:00:00,11244,4216.5,7027.5
Zambia,Iphone Charger,2441,4,1.5,2022-10-01 00:00:00,9764,3661.5,6102.5
Nigeria,Iphone Charger,1560,4,1.5,2021-11-01 00:00:00,6240,2340,3900
Ghana,Iphone Charger,2706,4,1.5,2021-11-01 00:00:00,10824,4059,6765
Ghana,Iphone Charger,886,4,1.5,2022-06-01 00:00:00,3544,1329,2215
Nigeria,Iphone Charger,2416,4,1.5,2021-09-01 00:00:00,9664,3624,6040
Ghana,Iphone Charger,2156,4,1.5,2022-10-01 00:00:00,8624,3234,5390
Nigeria,Iphone Charger,2689,4,1.5,2022-11-01 00:00:00,10756,4033.5,6722.5
Zambia,Iphone Charger,2521.5,4,1.5,2022-01-01 00:00:00,10086,3782.25,6303.75
South Africa,Iphone Charger,2567,4,1.5,2022-06-01 00:00:00,10268,3850.5,6417.5
Nigeria,Iphone Charger,923,4,1.5,2022-03-01 00:00:00,3692,1384.5,2307.5
Zambia,Iphone Charger,1790,4,1.5,2022-03-01 00:00:00,7160,2685,4475
Kenya,Iphone Charger,442,4,1.5,2021-09-01 00:00:00,1768,663,1105
Ghana,Iphone Charger,2579,4,1.5,2022-04-01 00:00:00,10316,3868.5,6447.5
South Africa,Iphone Charger,1743,4,1.5,2022-05-01 00:00:00,6972,2614.5,4357.5
South Africa,Iphone Charger,2996,4,1.5,2021-10-01 00:00:00,11984,4494,7490
Kenya,Iphone Charger,280,4,1.5,2022-12-01 00:00:00,1120,420,700
Ghana,Iphone Charger,801,4,1.5,2022-07-01 00:00:00,3204,1201.5,2002.5
Zambia,Iphone Charger,1023,4,1.5,2021-09-01 00:00:00,4092,1534.5,2557.5
Nigeria,Iphone Charger,1496,4,1.5,2022-10-01 00:00:00,5984,2244,3740
South Africa,Iphone Charger,1010,4,1.5,2022-10-01 00:00:00,4040,1515,2525
Kenya,Iphone Charger,1513,4,1.5,2022-11-01 00:00:00,6052,2269.5,3782.5
Nigeria,Iphone Charger,2300,4,1.5,2022-12-01 00:00:00,9200,3450,5750
Ghana,Iphone Charger,2821,4,1.5,2021-12-01 00:00:00,11284,4231.5,7052.5
Zambia,Iphone Charger,1174,4,1.5,2022-08-01 00:00:00,4696,1761,2935
Kenya,Iphone Charger,2767,4,1.5,2022-08-01 00:00:00,11068,4150.5,6917.5
Kenya,Iphone Charger,1085,4,1.5,2022-10-01 00:00:00,4340,1627.5,2712.5
Nigeria,Mini Charger,2001,3,1.25,2022-02-01 00:00:00,6003,2501.25,3501.75
Kenya,Mini Charger,2838,3,1.25,2022-04-01 00:00:00,8514,3547.5,4966.5
Zambia,Mini Charger,2178,3,1.25,2022-06-01 00:00:00,6534,2722.5,3811.5
Kenya,Mini Charger,888,3,1.25,2022-06-01 00:00:00,2664,1110,1554
Zambia,Mini Charger,1527,3,1.25,2021-09-01 00:00:00,4581,1908.75,2672.25
Zambia,Mini Charger,2151,3,1.25,2022-09-01 00:00:00,6453,2688.75,3764.25
Nigeria,Mini Charger,1817,3,1.25,2022-12-01 00:00:00,5451,2271.25,3179.75
Nigeria,Mini Charger,1326,3,1.25,2022-03-01 00:00:00,3978,1657.5,2320.5
Kenya,Mini Charger,263,3,1.25,2022-03-01 00:00:00,789,328.75,460.25
Nigeria,Mini Charger,943.5,3,1.25,2022-04-01 00:00:00,2830.5,1179.375,1651.125
South Africa,Mini Charger,727,3,1.25,2022-06-01 00:00:00,2181,908.75,1272.25
Zambia,Mini Charger,787,3,1.25,2022-06-01 00:00:00,2361,983.75,1377.25
Kenya,Mini Charger,986,3,1.25,2022-09-01 00:00:00,2958,1232.5,1725.5
Ghana,Mini Charger,494,3,1.25,2021-10-01 00:00:00,1482,617.5,864.5
Ghana,Mini Charger,1397,3,1.25,2022-10-01 00:00:00,4191,1746.25,2444.75
Zambia,Mini Charger,1744,3,1.25,2022-11-01 00:00:00,5232,2180,3052
Ghana,Mini Charger,662,3,1.25,2022-06-01 00:00:00,1986,827.5,1158.5
Kenya,Mini Charger,214,3,1.25,2021-10-01 00:00:00,642,267.5,374.5
Kenya,Mini Charger,2877,3,1.25,2022-10-01 00:00:00,8631,3596.25,5034.75
Nigeria,Mini Charger,2729,3,1.25,2022-12-01 00:00:00,8187,3411.25,4775.75
South Africa,Mini Charger,266,3,1.25,2021-12-01 00:00:00,798,332.5,465.5
Ghana,Mini Charger,1940,3,1.25,2021-12-01 00:00:00,5820,2425,3395
South Africa,Mini Charger,2844,3,1.25,2022-02-01 00:00:00,8532,3555,4977
Ghana,Mini Charger,1916,3,1.25,2022-04-01 00:00:00,5748,2395,3353
Kenya,Mini Charger,1570,3,1.25,2022-06-01 00:00:00,4710,1962.5,2747.5
Nigeria,Mini Charger,1874,3,1.25,2022-08-01 00:00:00,5622,2342.5,3279.5
Ghana,Mini Charger,1642,3,1.25,2022-08-01 00:00:00,4926,2052.5,2873.5
Kenya,Mini Charger,1945,3,1.25,2021-10-01 00:00:00,5835,2431.25,3403.75
Kenya,Mini Charger,2479,3,1.25,2022-01-01 00:00:00,7437,3098.75,4338.25
Zambia,Mini Charger,866,3,1.25,2022-05-01 00:00:00,2598,1082.5,1515.5
South Africa,Mini Charger,349,3,1.25,2021-09-01 00:00:00,1047,436.25,610.75
Zambia,Mini Charger,2177,3,1.25,2022-10-01 00:00:00,6531,2721.25,3809.75
Ghana,Mini Charger,1514,3,1.25,2021-10-01 00:00:00,4542,1892.5,2649.5
Ghana,Mini Charger,2689,3,1.25,2022-10-01 00:00:00,8067,3361.25,4705.75
Nigeria,Mini Charger,1389,3,1.25,2021-10-01 00:00:00,4167,1736.25,2430.75
South Africa,Mini Charger,1265,3,1.25,2021-11-01 00:00:00,3795,1581.25,2213.75
Kenya,Mini Charger,2297,3,1.25,2021-11-01 00:00:00,6891,2871.25,4019.75
South Africa,Mini Charger,2663,3,1.25,2022-12-01 00:00:00,7989,3328.75,4660.25
South Africa,Mini Charger,570,3,1.25,2022-12-01 00:00:00,1710,712.5,997.5
Zambia,Mini Charger,2487,3,1.25,2022-12-01 00:00:00,7461,3108.75,4352.25
Nigeria,Mini Charger,2844,3,1.25,2022-06-01 00:00:00,8532,3555,4977
Ghana,Mini Charger,1498,3,1.25,2022-06-01 00:00:00,4494,1872.5,2621.5
Zambia,Mini Charger,1221,3,1.25,2021-10-01 00:00:00,3663,1526.25,2136.75
Ghana,Mini Charger,1123,3,1.25,2021-11-01 00:00:00,3369,1403.75,1965.25
Nigeria,Mini Charger,2436,3,1.25,2021-12-01 00:00:00,7308,3045,4263
South Africa,Mini Charger,1153,3,1.25,2022-10-01 00:00:00,3459,1441.25,2017.75
Zambia,Mini Charger,1738.5,3,1.25,2022-04-01 00:00:00,5215.5,2173.125,3042.375
Kenya,Mini Charger,2215,3,1.25,2021-09-01 00:00:00,6645,2768.75,3876.25
Nigeria,Mini Charger,1582,3,1.25,2022-12-01 00:00:00,4746,1977.5,2768.5
Nigeria,Mini Charger,3244.5,3,1.25,2022-01-01 00:00:00,9733.5,4055.625,5677.875
Zambia,Mini Charger,959,3,1.25,2022-02-01 00:00:00,2877,1198.75,1678.25
Ghana,Mini Charger,2747,3,1.25,2022-02-01 00:00:00,8241,3433.75,4807.25
Zambia,Mini Charger,574.5,3,1.25,2022-04-01 00:00:00,1723.5,718.125,1005.375
Kenya,Mini Charger,2338,3,1.25,2022-06-01 00:00:00,7014,2922.5,4091.5
Zambia,Mini Charger,381,3,1.25,2022-08-01 00:00:00,1143,476.25,666.75
Kenya,Mini Charger,422,3,1.25,2022-08-01 00:00:00,1266,527.5,738.5
Nigeria,Mini Charger,2134,3,1.25,2022-09-01 00:00:00,6402,2667.5,3734.5
South Africa,Mini Charger,808,3,1.25,2021-12-01 00:00:00,2424,1010,1414
South Africa,Mini Charger,436.5,3,1.25,2022-07-01 00:00:00,1309.5,545.625,763.875
South Africa,Mini Charger,1956,3,1.25,2022-01-01 00:00:00,5868,2445,3423
Kenya,Mini Charger,2659,3,1.25,2022-02-01 00:00:00,7977,3323.75,4653.25
South Africa,Mini Charger,1351.5,3,1.25,2022-04-01 00:00:00,4054.5,1689.375,2365.125
Kenya,Mini Charger,880,3,1.25,2022-05-01 00:00:00,2640,1100,1540
South Africa,Mini Charger,1867,3,1.25,2022-09-01 00:00:00,5601,2333.75,3267.25
Zambia,Mini Charger,2234,3,1.25,2021-09-01 00:00:00,6702,2792.5,3909.5
Zambia,Mini Charger,1227,3,1.25,2022-10-01 00:00:00,3681,1533.75,2147.25
Ghana,Mini Charger,877,3,1.25,2022-11-01 00:00:00,2631,1096.25,1534.75
Kenya,Mini Charger,360,3,1.25,2022-10-01 00:00:00,1080,450,630
Zambia,Mini Charger,2682,3,1.25,2021-11-01 00:00:00,8046,3352.5,4693.5
Ghana,Mini Charger,521,3,1.25,2022-12-01 00:00:00,1563,651.25,911.75
Ghana,Mini Charger,341,3,1.25,2022-05-01 00:00:00,1023,426.25,596.75
Ghana,Mini Charger,641,3,1.25,2022-07-01 00:00:00,1923,801.25,1121.75
South Africa,Mini Charger,2807,3,1.25,2022-08-01 00:00:00,8421,3508.75,4912.25
Ghana,Mini Charger,432,3,1.25,2022-09-01 00:00:00,1296,540,756
South Africa,Mini Charger,2294,3,1.25,2021-10-01 00:00:00,6882,2867.5,4014.5
Zambia,Mini Charger,2167,3,1.25,2021-10-01 00:00:00,6501,2708.75,3792.25
Nigeria,Mini Charger,2529,3,1.25,2022-11-01 00:00:00,7587,3161.25,4425.75
Kenya,Mini Charger,1870,3,1.25,2021-12-01 00:00:00,5610,2337.5,3272.5
South Africa,Mini Charger,1579,3,1.25,2022-03-01 00:00:00,4737,1973.75,2763.25
Ghana,Mini Charger,1005,3,1.25,2021-09-01 00:00:00,3015,1256.25,1758.75
Zambia,Mini Charger,1734,3,1.25,2022-01-01 00:00:00,5202,2167.5,3034.5
Ghana,Mini Charger,554,3,1.25,2022-01-01 00:00:00,1662,692.5,969.5
Nigeria,Mini Charger,2935,3,1.25,2021-11-01 00:00:00,8805,3668.75,5136.25
Nigeria,Mini Charger,2109,3,1.25,2022-05-01 00:00:00,6327,2636.25,3690.75
Zambia,Mini Charger,3874.5,3,1.25,2022-07-01 00:00:00,11623.5,4843.125,6780.375
Nigeria,Mini Charger,623,3,1.25,2021-09-01 00:00:00,1869,778.75,1090.25
South Africa,Mini Charger,986,3,1.25,2022-10-01 00:00:00,2958,1232.5,1725.5
South Africa,Mini Charger,2387,3,1.25,2022-11-01 00:00:00,7161,2983.75,4177.25
Ghana,Mini Charger,1233,3,1.25,2022-12-01 00:00:00,3699,1541.25,2157.75
Zambia,Mini Charger,1491,3,1.25,2022-03-01 00:00:00,4473,1863.75,2609.25
Kenya,Mini Charger,1531,3,1.25,2022-12-01 00:00:00,4593,1913.75,2679.25
South Africa,Mini Charger,2567,3,1.25,2022-06-01 00:00:00,7701,3208.75,4492.25
Nigeria,Mini Charger,1583,3,1.25,2022-06-01 00:00:00,4749,1978.75,2770.25
Nigeria,Mini Charger,1565,3,1.25,2022-10-01 00:00:00,4695,1956.25,2738.75
Kenya,Mini Charger,280,3,1.25,2022-12-01 00:00:00,840,350,490
Ghana,Mini Charger,2903,3,1.25,2022-03-01 00:00:00,8709,3628.75,5080.25
South Africa,Mini Charger,2541,3,1.25,2022-08-01 00:00:00,7623,3176.25,4446.75
Nigeria,Mini Charger,269,3,1.25,2021-10-01 00:00:00,807,336.25,470.75
Nigeria,Mini Charger,1496,3,1.25,2022-10-01 00:00:00,4488,1870,2618
South Africa,Mini Charger,1010,3,1.25,2022-10-01 00:00:00,3030,1262.5,1767.5
Zambia,Mini Charger,1281,3,1.25,2021-12-01 00:00:00,3843,1601.25,2241.75
Nigeria,Mini Charger,865.5,3,1.25,2022-07-01 00:00:00,2596.5,1081.875,1514.625
Kenya,Mini Charger,492,3,1.25,2022-07-01 00:00:00,1476,615,861
South Africa,Mini Charger,267,3,1.25,2021-10-01 00:00:00,801,333.75,467.25
Kenya,Mini Charger,1175,3,1.25,2022-10-01 00:00:00,3525,1468.75,2056.25
Nigeria,Mini Charger,2954,3,1.25,2021-11-01 00:00:00,8862,3692.5,5169.5
Kenya,Mini Charger,552,3,1.25,2022-11-01 00:00:00,1656,690,966
Zambia,Mini Charger,293,3,1.25,2022-12-01 00:00:00,879,366.25,512.75
South Africa,Mini Charger,1806,3,1.25,2022-05-01 00:00:00,5418,2257.5,3160.5
Ghana,Pin Charger,1493,6,2.75,2022-01-01 00:00:00,8958,4105.75,4852.25
Zambia,Pin Charger,1804,6,2.75,2022-02-01 00:00:00,10824,4961,5863
Kenya,Pin Charger,2161,6,2.75,2022-03-01 00:00:00,12966,5942.75,7023.25
Kenya,Pin Charger,1006,6,2.75,2022-06-01 00:00:00,6036,2766.5,3269.5
Kenya,Pin Charger,1545,6,2.75,2022-06-01 00:00:00,9270,4248.75,5021.25
South Africa,Pin Charger,2821,6,2.75,2022-08-01 00:00:00,16926,7757.75,9168.25
Nigeria,Pin Charger,345,6,2.75,2021-10-01 00:00:00,2070,948.75,1121.25
Zambia,Pin Charger,639,6,2.75,2022-11-01 00:00:00,3834,1757.25,2076.75
Zambia,Pin Charger,3864,6,2.75,2022-04-01 00:00:00,23184,10626,12558
Ghana,Pin Charger,362,6,2.75,2022-05-01 00:00:00,2172,995.5,1176.5
Nigeria,Pin Charger,923,6,2.75,2022-08-01 00:00:00,5538,2538.25,2999.75
South Africa,Pin Charger,663,6,2.75,2021-10-01 00:00:00,3978,1823.25,2154.75
Nigeria,Pin Charger,2092,6,2.75,2021-11-01 00:00:00,12552,5753,6799
South Africa,Pin Charger,1566,6,2.75,2022-10-01 00:00:00,9396,4306.5,5089.5
Kenya,Pin Charger,2966,6,2.75,2021-10-01 00:00:00,17796,8156.5,9639.5
Kenya,Pin Charger,2877,6,2.75,2022-10-01 00:00:00,17262,7911.75,9350.25
Kenya,Pin Charger,809,6,2.75,2021-10-01 00:00:00,4854,2224.75,2629.25
Ghana,Pin Charger,2145,6,2.75,2021-10-01 00:00:00,12870,5898.75,6971.25
Zambia,Pin Charger,1055,6,2.75,2022-12-01 00:00:00,6330,2901.25,3428.75
Ghana,Pin Charger,544,6,2.75,2021-12-01 00:00:00,3264,1496,1768
Ghana,Pin Charger,1084,6,2.75,2022-12-01 00:00:00,6504,2981,3523
Nigeria,Pin Charger,2009,6,2.75,2022-10-01 00:00:00,12054,5524.75,6529.25
Nigeria,Pin Charger,3850.5,6,2.75,2022-04-01 00:00:00,23103,10588.875,12514.125
South Africa,Pin Charger,736,6,2.75,2021-09-01 00:00:00,4416,2024,2392
South Africa,Pin Charger,1465,6,2.75,2022-03-01 00:00:00,8790,4028.75,4761.25
Nigeria,Pin Charger,2646,6,2.75,2021-09-01 00:00:00,15876,7276.5,8599.5
Zambia,Pin Charger,2177,6,2.75,2022-10-01 00:00:00,13062,5986.75,7075.25
Nigeria,Pin Charger,2431,6,2.75,2022-12-01 00:00:00,14586,6685.25,7900.75
South Africa,Pin Charger,555,6,2.75,2022-01-01 00:00:00,3330,1526.25,1803.75
Ghana,Pin Charger,2861,6,2.75,2022-01-01 00:00:00,17166,7867.75,9298.25
Kenya,Pin Charger,807,6,2.75,2022-02-01 00:00:00,4842,2219.25,2622.75
South Africa,Pin Charger,602,6,2.75,2022-06-01 00:00:00,3612,1655.5,1956.5
South Africa,Pin Charger,2832,6,2.75,2022-08-01 00:00:00,16992,7788,9204
Zambia,Pin Charger,1579,6,2.75,2022-08-01 00:00:00,9474,4342.25,5131.75
South Africa,Pin Charger,861,6,2.75,2022-10-01 00:00:00,5166,2367.75,2798.25
Zambia,Pin Charger,704,6,2.75,2021-10-01 00:00:00,4224,1936,2288
Zambia,Pin Charger,1033,6,2.75,2021-12-01 00:00:00,6198,2840.75,3357.25
Kenya,Pin Charger,1250,6,2.75,2022-12-01 00:00:00,7500,3437.5,4062.5
Nigeria,Pin Charger,952,6,2.75,2022-02-01 00:00:00,5712,2618,3094
South Africa,Pin Charger,2755,6,2.75,2022-02-01 00:00:00,16530,7576.25,8953.75
Kenya,Pin Charger,1530,6,2.75,2022-05-01 00:00:00,9180,4207.5,4972.5
Zambia,Pin Charger,1496,6,2.75,2022-06-01 00:00:00,8976,4114,4862
Ghana,Pin Charger,1498,6,2.75,2022-06-01 00:00:00,8988,4119.5,4868.5
Zambia,Pin Charger,1221,6,2.75,2021-10-01 00:00:00,7326,3357.75,3968.25
Zambia,Pin Charger,2076,6,2.75,2021-10-01 00:00:00,12456,5709,6747
Kenya,Pin Charger,1001,6,2.75,2022-08-01 00:00:00,6006,2752.75,3253.25
Ghana,Pin Charger,1333,6,2.75,2022-11-01 00:00:00,7998,3665.75,4332.25
Nigeria,Pin Charger,1262,6,2.75,2022-05-01 00:00:00,7572,3470.5,4101.5
Nigeria,Pin Charger,1135,6,2.75,2022-06-01 00:00:00,6810,3121.25,3688.75
South Africa,Pin Charger,547,6,2.75,2022-11-01 00:00:00,3282,1504.25,1777.75
Nigeria,Pin Charger,1582,6,2.75,2022-12-01 00:00:00,9492,4350.5,5141.5
Zambia,Pin Charger,1659,6,2.75,2022-07-01 00:00:00,9954,4562.25,5391.75
Ghana,Pin Charger,609,6,2.75,2022-08-01 00:00:00,3654,1674.75,1979.25
Kenya,Pin Charger,2087,6,2.75,2022-09-01 00:00:00,12522,5739.25,6782.75
Zambia,Pin Charger,1976,6,2.75,2022-10-01 00:00:00,11856,5434,6422
South Africa,Pin Charger,1421,6,2.75,2021-12-01 00:00:00,8526,3907.75,4618.25
South Africa,Pin Charger,1372,6,2.75,2022-12-01 00:00:00,8232,3773,4459
Kenya,Pin Charger,588,6,2.75,2021-12-01 00:00:00,3528,1617,1911
Nigeria,Pin Charger,598,6,2.75,2022-03-01 00:00:00,3588,1644.5,1943.5
South Africa,Pin Charger,2907,6,2.75,2022-06-01 00:00:00,17442,7994.25,9447.75
Kenya,Pin Charger,2338,6,2.75,2022-06-01 00:00:00,14028,6429.5,7598.5
Zambia,Pin Charger,386,6,2.75,2021-11-01 00:00:00,2316,1061.5,1254.5
Ghana,Pin Charger,635,6,2.75,2022-12-01 00:00:00,3810,1746.25,2063.75
Ghana,Pin Charger,245,6,2.75,2022-05-01 00:00:00,1470,673.75,796.25
Nigeria,Pin Charger,3793.5,6,2.75,2022-07-01 00:00:00,22761,10432.125,12328.875
Kenya,Pin Charger,1307,6,2.75,2022-07-01 00:00:00,7842,3594.25,4247.75
Nigeria,Pin Charger,567,6,2.75,2022-09-01 00:00:00,3402,1559.25,1842.75
Ghana,Pin Charger,2110,6,2.75,2022-09-01 00:00:00,12660,5802.5,6857.5
Nigeria,Pin Charger,1269,6,2.75,2022-10-01 00:00:00,7614,3489.75,4124.25
Zambia,Pin Charger,1967,6,2.75,2022-03-01 00:00:00,11802,5409.25,6392.75
Ghana,Pin Charger,2628,6,2.75,2022-04-01 00:00:00,15768,7227,8541
Kenya,Pin Charger,681,6,2.75,2022-01-01 00:00:00,4086,1872.75,2213.25
Kenya,Pin Charger,510,6,2.75,2022-04-01 00:00:00,3060,1402.5,1657.5
South Africa,Pin Charger,790,6,2.75,2022-05-01 00:00:00,4740,2172.5,2567.5
Zambia,Pin Charger,639,6,2.75,2022-07-01 00:00:00,3834,1757.25,2076.75
South Africa,Pin Charger,1596,6,2.75,2022-09-01 00:00:00,9576,4389,5187
South Africa,Pin Charger,2294,6,2.75,2021-10-01 00:00:00,13764,6308.5,7455.5
Kenya,Pin Charger,241,6,2.75,2022-10-01 00:00:00,1446,662.75,783.25
Kenya,Pin Charger,2665,6,2.75,2022-11-01 00:00:00,15990,7328.75,8661.25
Nigeria,Pin Charger,1916,6,2.75,2021-12-01 00:00:00,11496,5269,6227
Zambia,Pin Charger,853,6,2.75,2022-12-01 00:00:00,5118,2345.75,2772.25
Nigeria,Pin Charger,384,6,2.75,2022-01-01 00:00:00,2304,1056,1248
Kenya,Pin Charger,472,6,2.75,2022-10-01 00:00:00,2832,1298,1534
Zambia,Pin Charger,2805,6,2.75,2021-09-01 00:00:00,16830,7713.75,9116.25
Ghana,Pin Charger,655,6,2.75,2021-09-01 00:00:00,3930,1801.25,2128.75
Ghana,Pin Charger,344,6,2.75,2021-10-01 00:00:00,2064,946,1118
Nigeria,Pin Charger,1808,6,2.75,2022-11-01 00:00:00,10848,4972,5876
Ghana,Pin Charger,1395,6,2.75,2022-07-01 00:00:00,8370,3836.25,4533.75
South Africa,Pin Charger,986,6,2.75,2022-10-01 00:00:00,5916,2711.5,3204.5
Ghana,Pin Charger,905,6,2.75,2022-10-01 00:00:00,5430,2488.75,2941.25
Zambia,Pin Charger,3997.5,6,2.75,2022-01-01 00:00:00,23985,10993.125,12991.875
Nigeria,Pin Charger,2632,6,2.75,2022-06-01 00:00:00,15792,7238,8554
Zambia,Pin Charger,1190,6,2.75,2022-06-01 00:00:00,7140,3272.5,3867.5
Ghana,Pin Charger,604,6,2.75,2022-06-01 00:00:00,3624,1661,1963
Kenya,Pin Charger,660,6,2.75,2021-09-01 00:00:00,3960,1815,2145
Ghana,Pin Charger,410,6,2.75,2022-10-01 00:00:00,2460,1127.5,1332.5
Ghana,Pin Charger,2605,6,2.75,2021-11-01 00:00:00,15630,7163.75,8466.25
Kenya,Pin Charger,1013,6,2.75,2022-12-01 00:00:00,6078,2785.75,3292.25
Ghana,Pin Charger,1575,6,2.75,2022-02-01 00:00:00,9450,4331.25,5118.75
South Africa,Pin Charger,606,6,2.75,2022-04-01 00:00:00,3636,1666.5,1969.5
South Africa,Pin Charger,2460,6,2.75,2022-07-01 00:00:00,14760,6765,7995
Nigeria,Pin Charger,269,6,2.75,2021-10-01 00:00:00,1614,739.75,874.25
Kenya,Pin Charger,2536,6,2.75,2021-11-01 00:00:00,15216,6974,8242
Ghana,Pin Charger,500,6,2.75,2022-03-01 00:00:00,3000,1375,1625
Zambia,Pin Charger,2826,6,2.75,2022-05-01 00:00:00,16956,7771.5,9184.5
Zambia,Pin Charger,663,6,2.75,2022-09-01 00:00:00,3978,1823.25,2154.75
South Africa,Pin Charger,2574,6,2.75,2021-11-01 00:00:00,15444,7078.5,8365.5
South Africa,Pin Charger,2438,6,2.75,2021-12-01 00:00:00,14628,6704.5,7923.5
South Africa,Pin Charger,914,6,2.75,2022-12-01 00:00:00,5484,2513.5,2970.5
Zambia,Type A Charger,1287,5,2,2022-12-01 00:00:00,6435,2574,3861
Kenya,Type A Charger,1706,5,2,2022-12-01 00:00:00,8530,3412,5118
Ghana,Type A Charger,1760,5,2,2021-09-01 00:00:00,8800,3520,5280
Ghana,Type A Charger,2031,5,2,2022-10-01 00:00:00,10155,4062,6093
Zambia,Type A Charger,2261,5,2,2021-12-01 00:00:00,11305,4522,6783
Nigeria,Type A Charger,4251,5,2,2022-01-01 00:00:00,21255,8502,12753
Kenya,Type A Charger,795,5,2,2022-03-01 00:00:00,3975,1590,2385
Kenya,Type A Charger,1414.5,5,2,2022-04-01 00:00:00,7072.5,2829,4243.5
South Africa,Type A Charger,2918,5,2,2022-05-01 00:00:00,14590,5836,8754
South Africa,Type A Charger,3450,5,2,2022-07-01 00:00:00,17250,6900,10350
Zambia,Type A Charger,2988,5,2,2022-07-01 00:00:00,14940,5976,8964
Nigeria,Type A Charger,218,5,2,2022-09-01 00:00:00,1090,436,654
Nigeria,Type A Charger,2074,5,2,2022-09-01 00:00:00,10370,4148,6222
South Africa,Type A Charger,1056,5,2,2022-09-01 00:00:00,5280,2112,3168
South Africa,Type A Charger,671,5,2,2021-10-01 00:00:00,3355,1342,2013
Ghana,Type A Charger,1514,5,2,2021-10-01 00:00:00,7570,3028,4542
South Africa,Type A Charger,274,5,2,2022-12-01 00:00:00,1370,548,822
Ghana,Type A Charger,1138,5,2,2022-12-01 00:00:00,5690,2276,3414
Kenya,Type A Charger,1372,5,2,2022-01-01 00:00:00,6860,2744,4116
Nigeria,Type A Charger,2349,5,2,2021-09-01 00:00:00,11745,4698,7047
Ghana,Type A Charger,2689,5,2,2022-10-01 00:00:00,13445,5378,8067
Nigeria,Type A Charger,2431,5,2,2022-12-01 00:00:00,12155,4862,7293
Zambia,Type A Charger,1303,5,2,2022-02-01 00:00:00,6515,2606,3909
South Africa,Type A Charger,2992,5,2,2022-03-01 00:00:00,14960,5984,8976
Zambia,Type A Charger,2385,5,2,2022-03-01 00:00:00,11925,4770,7155
Ghana,Type A Charger,1607,5,2,2022-04-01 00:00:00,8035,3214,4821
South Africa,Type A Charger,2327,5,2,2022-05-01 00:00:00,11635,4654,6981
South Africa,Type A Charger,991,5,2,2022-06-01 00:00:00,4955,1982,2973
South Africa,Type A Charger,602,5,2,2022-06-01 00:00:00,3010,1204,1806
Zambia,Type A Charger,2620,5,2,2022-09-01 00:00:00,13100,5240,7860
Nigeria,Type A Charger,1228,5,2,2021-10-01 00:00:00,6140,2456,3684
Nigeria,Type A Charger,1389,5,2,2021-10-01 00:00:00,6945,2778,4167
South Africa,Type A Charger,861,5,2,2022-10-01 00:00:00,4305,1722,2583
Zambia,Type A Charger,704,5,2,2021-10-01 00:00:00,3520,1408,2112
Nigeria,Type A Charger,1802,5,2,2021-12-01 00:00:00,9010,3604,5406
South Africa,Type A Charger,2663,5,2,2022-12-01 00:00:00,13315,5326,7989
Zambia,Type A Charger,2136,5,2,2021-12-01 00:00:00,10680,4272,6408
Kenya,Type A Charger,2116,5,2,2021-12-01 00:00:00,10580,4232,6348
Zambia,Type A Charger,3801,5,2,2022-04-01 00:00:00,19005,7602,11403
Zambia,Type A Charger,1496,5,2,2022-06-01 00:00:00,7480,2992,4488
Nigeria,Type A Charger,2299,5,2,2021-10-01 00:00:00,11495,4598,6897
South Africa,Type A Charger,727,5,2,2021-10-01 00:00:00,3635,1454,2181
South Africa,Type A Charger,2198,5,2,2022-08-01 00:00:00,10990,4396,6594
Kenya,Type A Charger,1743,5,2,2022-08-01 00:00:00,8715,3486,5229
South Africa,Type A Charger,1153,5,2,2022-10-01 00:00:00,5765,2306,3459
Zambia,Type A Charger,1757,5,2,2021-10-01 00:00:00,8785,3514,5271
Zambia,Type A Charger,1031,5,2,2021-09-01 00:00:00,5155,2062,3093
Nigeria,Type A Charger,1702,5,2,2022-05-01 00:00:00,8510,3404,5106
Zambia,Type A Charger,448,5,2,2022-06-01 00:00:00,2240,896,1344
Kenya,Type A Charger,3513,5,2,2022-07-01 00:00:00,17565,7026,10539
Zambia,Type A Charger,2101,5,2,2022-08-01 00:00:00,10505,4202,6303
South Africa,Type A Charger,2931,5,2,2021-09-01 00:00:00,14655,5862,8793
Zambia,Type A Charger,1535,5,2,2022-09-01 00:00:00,7675,3070,4605
Kenya,Type A Charger,1123,5,2,2021-09-01 00:00:00,5615,2246,3369
Nigeria,Type A Charger,1404,5,2,2021-11-01 00:00:00,7020,2808,4212
Ghana,Type A Charger,2763,5,2,2021-11-01 00:00:00,13815,5526,8289
Kenya,Type A Charger,2125,5,2,2021-12-01 00:00:00,10625,4250,6375
Nigeria,Type A Charger,257,5,2,2022-05-01 00:00:00,1285,514,771
Ghana,Type A Charger,1114,5,2,2022-03-01 00:00:00,5570,2228,3342
Kenya,Type A Charger,1259,5,2,2022-04-01 00:00:00,6295,2518,3777
Kenya,Type A Charger,1095,5,2,2022-05-01 00:00:00,5475,2190,3285
Kenya,Type A Charger,1366,5,2,2022-06-01 00:00:00,6830,2732,4098
Ghana,Type A Charger,2460,5,2,2022-06-01 00:00:00,12300,4920,7380
South Africa,Type A Charger,678,5,2,2022-08-01 00:00:00,3390,1356,2034
Kenya,Type A Charger,1598,5,2,2022-08-01 00:00:00,7990,3196,4794
Kenya,Type A Charger,2409,5,2,2021-09-01 00:00:00,12045,4818,7227
Kenya,Type A Charger,1934,5,2,2022-09-01 00:00:00,9670,3868,5802
Ghana,Type A Charger,2993,5,2,2022-09-01 00:00:00,14965,5986,8979
Kenya,Type A Charger,2146,5,2,2021-11-01 00:00:00,10730,4292,6438
Ghana,Type A Charger,1946,5,2,2021-12-01 00:00:00,9730,3892,5838
Ghana,Type A Charger,1362,5,2,2022-12-01 00:00:00,6810,2724,4086
Ghana,Type A Charger,2565,5,2,2022-01-01 00:00:00,12825,5130,7695
Ghana,Type A Charger,2417,5,2,2022-01-01 00:00:00,12085,4834,7251
South Africa,Type A Charger,3675,5,2,2022-04-01 00:00:00,18375,7350,11025
Nigeria,Type A Charger,1094,5,2,2022-06-01 00:00:00,5470,2188,3282
Zambia,Type A Charger,1227,5,2,2022-10-01 00:00:00,6135,2454,3681
Ghana,Type A Charger,367,5,2,2021-10-01 00:00:00,1835,734,1101
Zambia,Type A Charger,1324,5,2,2022-11-01 00:00:00,6620,2648,3972
Kenya,Type A Charger,1775,5,2,2021-11-01 00:00:00,8875,3550,5325
South Africa,Type A Charger,2797,5,2,2022-12-01 00:00:00,13985,5594,8391
South Africa,Type A Charger,973,5,2,2022-03-01 00:00:00,4865,1946,2919
Ghana,Type A Charger,1038,5,2,2022-06-01 00:00:00,5190,2076,3114
Kenya,Type A Charger,360,5,2,2022-10-01 00:00:00,1800,720,1080
South Africa,Type A Charger,386,5,2,2021-10-01 00:00:00,1930,772,1158
Zambia,Type A Charger,1954,5,2,2022-03-01 00:00:00,9770,3908,5862
Ghana,Type A Charger,591,5,2,2022-05-01 00:00:00,2955,1182,1773
Zambia,Type A Charger,2167,5,2,2021-10-01 00:00:00,10835,4334,6501
Kenya,Type A Charger,241,5,2,2022-10-01 00:00:00,1205,482,723
Zambia,Type A Charger,2532,5,2,2022-04-01 00:00:00,12660,5064,7596
Zambia,Type A Charger,1198,5,2,2021-10-01 00:00:00,5990,2396,3594
Nigeria,Type A Charger,873,5,2,2022-01-01 00:00:00,4365,1746,2619
Ghana,Type A Charger,1122,5,2,2022-03-01 00:00:00,5610,2244,3366
Nigeria,Type A Charger,2104.5,5,2,2022-07-01 00:00:00,10522.5,4209,6313.5
Nigeria,Type A Charger,4026,5,2,2022-07-01 00:00:00,20130,8052,12078
Zambia,Type A Charger,2425.5,5,2,2022-07-01 00:00:00,12127.5,4851,7276.5
Nigeria,Type A Charger,2394,5,2,2022-08-01 00:00:00,11970,4788,7182
Ghana,Type A Charger,1984,5,2,2022-08-01 00:00:00,9920,3968,5952
Zambia,Type A Charger,2441,5,2,2022-10-01 00:00:00,12205,4882,7323
Kenya,Type A Charger,2992,5,2,2021-10-01 00:00:00,14960,5984,8976
Nigeria,Type A Charger,1366,5,2,2022-11-01 00:00:00,6830,2732,4098
South Africa,Type A Charger,380,5,2,2021-09-01 00:00:00,1900,760,1140
South Africa,Type A Charger,3495,5,2,2022-01-01 00:00:00,17475,6990,10485
Ghana,Type A Charger,886,5,2,2022-06-01 00:00:00,4430,1772,2658
Ghana,Type A Charger,2156,5,2,2022-10-01 00:00:00,10780,4312,6468
Ghana,Type A Charger,905,5,2,2022-10-01 00:00:00,4525,1810,2715
Ghana,Type A Charger,1715,5,2,2021-10-01 00:00:00,8575,3430,5145
Zambia,Type A Charger,1594,5,2,2022-11-01 00:00:00,7970,3188,4782
Kenya,Type A Charger,1359,5,2,2022-11-01 00:00:00,6795,2718,4077
Ghana,Type A Charger,2150,5,2,2022-11-01 00:00:00,10750,4300,6450
Ghana,Type A Charger,1197,5,2,2022-11-01 00:00:00,5985,2394,3591
Ghana,Type A Charger,380,5,2,2021-12-01 00:00:00,1900,760,1140
Ghana,Type A Charger,1233,5,2,2022-12-01 00:00:00,6165,2466,3699
Kenya,Type A Charger,1531,5,2,2022-12-01 00:00:00,7655,3062,4593
South Africa,Type A Charger,1438.5,5,2,2022-01-01 00:00:00,7192.5,2877,4315.5
Kenya,Type A Charger,807,5,2,2022-01-01 00:00:00,4035,1614,2421
South Africa,Type A Charger,2641,5,2,2022-02-01 00:00:00,13205,5282,7923
Kenya,Type A Charger,2708,5,2,2022-02-01 00:00:00,13540,5416,8124
Nigeria,Type A Charger,2632,5,2,2022-06-01 00:00:00,13160,5264,7896
Nigeria,Type A Charger,1583,5,2,2022-06-01 00:00:00,7915,3166,4749
Ghana,Type A Charger,571,5,2,2022-07-01 00:00:00,2855,1142,1713
Zambia,Type A Charger,2696,5,2,2022-08-01 00:00:00,13480,5392,8088
Nigeria,Type A Charger,1565,5,2,2022-10-01 00:00:00,7825,3130,4695
Nigeria,Type A Charger,1249,5,2,2022-10-01 00:00:00,6245,2498,3747
Kenya,Type A Charger,357,5,2,2022-11-01 00:00:00,1785,714,1071
Kenya,Type A Charger,1013,5,2,2022-12-01 00:00:00,5065,2026,3039
Kenya,Type A Charger,278,5,2,2022-02-01 00:00:00,1390,556,834
Nigeria,Type A Charger,2428,5,2,2022-03-01 00:00:00,12140,4856,7284
South Africa,Type A Charger,1767,5,2,2022-09-01 00:00:00,8835,3534,5301
Zambia,Type A Charger,1393,5,2,2022-10-01 00:00:00,6965,2786,4179
Ghana,Type A Charger,260,5,2,2022-02-01 00:00:00,1300,520,780
Nigeria,Type A Charger,2470,5,2,2021-09-01 00:00:00,12350,4940,7410
Nigeria,Type A Charger,1743,5,2,2021-10-01 00:00:00,8715,3486,5229
South Africa,Type A Charger,2914,5,2,2022-10-01 00:00:00,14570,5828,8742
Zambia,Type A Charger,1731,5,2,2022-10-01 00:00:00,8655,3462,5193
Nigeria,Type A Charger,700,5,2,2022-11-01 00:00:00,3500,1400,2100
Nigeria,Type A Charger,2222,5,2,2021-11-01 00:00:00,11110,4444,6666
South Africa,Type A Charger,1177,5,2,2022-11-01 00:00:00,5885,2354,3531
Zambia,Type A Charger,1922,5,2,2021-11-01 00:00:00,9610,3844,5766
Kenya,Type A Charger,1158,5,2,2022-03-01 00:00:00,5790,2316,3474
Nigeria,Type A Charger,1614,5,2,2022-04-01 00:00:00,8070,3228,4842
Ghana,Type A Charger,2535,5,2,2022-04-01 00:00:00,12675,5070,7605
Ghana,Type A Charger,2851,5,2,2022-05-01 00:00:00,14255,5702,8553
Nigeria,Type A Charger,2559,5,2,2022-08-01 00:00:00,12795,5118,7677
South Africa,Type A Charger,267,5,2,2021-10-01 00:00:00,1335,534,801
Kenya,Type A Charger,1085,5,2,2022-10-01 00:00:00,5425,2170,3255
Kenya,Type A Charger,1175,5,2,2022-10-01 00:00:00,5875,2350,3525
South Africa,Type A Charger,2007,5,2,2021-11-01 00:00:00,10035,4014,6021
Ghana,Type A Charger,2151,5,2,2021-11-01 00:00:00,10755,4302,6453
South Africa,Type A Charger,914,5,2,2022-12-01 00:00:00,4570,1828,2742
Zambia,Type A Charger,293,5,2,2022-12-01 00:00:00,1465,586,879
Nigeria,Type A Charger,723,5,2,2022-04-01 00:00:00,3615,1446,2169
Kenya,Type B Charger,921,1,0.2,2022-03-01 00:00:00,921,184.2,736.8
Nigeria,Type B Charger,2518,1,0.2,2022-06-01 00:00:00,2518,503.6,2014.4
Zambia,Type B Charger,1899,1,0.2,2022-06-01 00:00:00,1899,379.8,1519.2
Kenya,Type B Charger,1545,1,0.2,2022-06-01 00:00:00,1545,309,1236
Ghana,Type B Charger,2470,1,0.2,2022-06-01 00:00:00,2470,494,1976
Nigeria,Type B Charger,2665.5,1,0.2,2022-07-01 00:00:00,2665.5,533.1,2132.4
Ghana,Type B Charger,958,1,0.2,2022-08-01 00:00:00,958,191.6,766.4
Kenya,Type B Charger,2146,1,0.2,2022-09-01 00:00:00,2146,429.2,1716.8
Nigeria,Type B Charger,345,1,0.2,2021-10-01 00:00:00,345,69,276
South Africa,Type B Charger,615,1,0.2,2022-12-01 00:00:00,615,123,492
Ghana,Type B Charger,2214,1,0.2,2022-03-01 00:00:00,2214,442.8,1771.2
South Africa,Type B Charger,2301,1,0.2,2022-04-01 00:00:00,2301,460.2,1840.8
Zambia,Type B Charger,1375.5,1,0.2,2022-07-01 00:00:00,1375.5,275.1,1100.4
Nigeria,Type B Charger,1830,1,0.2,2022-08-01 00:00:00,1830,366,1464
South Africa,Type B Charger,2498,1,0.2,2021-09-01 00:00:00,2498,499.6,1998.4
South Africa,Type B Charger,663,1,0.2,2021-10-01 00:00:00,663,132.6,530.4
South Africa,Type B Charger,1142,1,0.2,2022-06-01 00:00:00,1142,228.4,913.6
South Africa,Type B Charger,1566,1,0.2,2022-10-01 00:00:00,1566,313.2,1252.8
Ghana,Type B Charger,690,1,0.2,2022-11-01 00:00:00,690,138,552
Ghana,Type B Charger,1660,1,0.2,2021-11-01 00:00:00,1660,332,1328
Kenya,Type B Charger,1958,1,0.2,2022-02-01 00:00:00,1958,391.6,1566.4
Zambia,Type B Charger,1901,1,0.2,2022-06-01 00:00:00,1901,380.2,1520.8
Zambia,Type B Charger,544,1,0.2,2022-09-01 00:00:00,544,108.8,435.2
Kenya,Type B Charger,1797,1,0.2,2021-09-01 00:00:00,1797,359.4,1437.6
Zambia,Type B Charger,1287,1,0.2,2022-12-01 00:00:00,1287,257.4,1029.6
Kenya,Type B Charger,1706,1,0.2,2022-12-01 00:00:00,1706,341.2,1364.8
Ghana,Type B Charger,2031,1,0.2,2022-10-01 00:00:00,2031,406.2,1624.8
Nigeria,Type B Charger,1967,1,0.2,2022-03-01 00:00:00,1967,393.4,1573.6
Kenya,Type B Charger,1859,1,0.2,2022-08-01 00:00:00,1859,371.8,1487.2
Nigeria,Type B Charger,2851,1,0.2,2021-10-01 00:00:00,2851,570.2,2280.8
Kenya,Type B Charger,2021,1,0.2,2022-10-01 00:00:00,2021,404.2,1616.8
Ghana,Type B Charger,1138,1,0.2,2022-12-01 00:00:00,1138,227.6,910.4
Kenya,Type B Charger,1159,1,0.2,2021-10-01 00:00:00,1159,231.8,927.2
Zambia,Type B Charger,1384.5,1,0.2,2022-01-01 00:00:00,1384.5,276.9,1107.6
South Africa,Type B Charger,3627,1,0.2,2022-07-01 00:00:00,3627,725.4,2901.6
Ghana,Type B Charger,720,1,0.2,2021-09-01 00:00:00,720,144,576
Kenya,Type B Charger,2342,1,0.2,2022-11-01 00:00:00,2342,468.4,1873.6
Ghana,Type B Charger,1100,1,0.2,2021-12-01 00:00:00,1100,220,880
Ghana,Type B Charger,980,1,0.2,2022-04-01 00:00:00,980,196,784
Kenya,Type B Charger,1460,1,0.2,2022-05-01 00:00:00,1460,292,1168
Zambia,Type B Charger,1403,1,0.2,2021-10-01 00:00:00,1403,280.6,1122.4
South Africa,Type B Charger,2723,1,0.2,2022-11-01 00:00:00,2723,544.6,2178.4
Zambia,Type B Charger,1757,1,0.2,2021-10-01 00:00:00,1757,351.4,1405.6
Ghana,Type B Charger,2340,1,0.2,2022-01-01 00:00:00,2340,468,1872
Zambia,Type B Charger,2342,1,0.2,2022-11-01 00:00:00,2342,468.4,1873.6
Zambia,Type B Charger,1976,1,0.2,2022-10-01 00:00:00,1976,395.2,1580.8
Zambia,Type B Charger,2181,1,0.2,2022-10-01 00:00:00,2181,436.2,1744.8
Kenya,Type B Charger,2500,1,0.2,2021-11-01 00:00:00,2500,500,2000
Nigeria,Type B Charger,488,1,0.2,2022-02-01 00:00:00,488,97.6,390.4
South Africa,Type B Charger,1282,1,0.2,2022-06-01 00:00:00,1282,256.4,1025.6
Zambia,Type B Charger,2501,1,0.2,2022-03-01 00:00:00,2501,500.2,2000.8
Nigeria,Type B Charger,708,1,0.2,2022-06-01 00:00:00,708,141.6,566.4
Kenya,Type B Charger,645,1,0.2,2022-07-01 00:00:00,645,129,516
Zambia,Type B Charger,1562,1,0.2,2022-08-01 00:00:00,1562,312.4,1249.6
Nigeria,Type B Charger,1283,1,0.2,2021-09-01 00:00:00,1283,256.6,1026.4
Kenya,Type B Charger,711,1,0.2,2022-12-01 00:00:00,711,142.2,568.8
Nigeria,Type B Charger,3802.5,1,0.2,2022-04-01 00:00:00,3802.5,760.5,3042
Zambia,Type B Charger,1666,1,0.2,2022-05-01 00:00:00,1666,333.2,1332.8
Zambia,Type B Charger,322,1,0.2,2021-09-01 00:00:00,322,64.4,257.6
Nigeria,Type B Charger,2321,1,0.2,2022-11-01 00:00:00,2321,464.2,1856.8
Zambia,Type B Charger,1857,1,0.2,2021-11-01 00:00:00,1857,371.4,1485.6
Nigeria,Type B Charger,1611,1,0.2,2021-12-01 00:00:00,1611,322.2,1288.8
South Africa,Type B Charger,2797,1,0.2,2022-12-01 00:00:00,2797,559.4,2237.6
Kenya,Type B Charger,334,1,0.2,2021-12-01 00:00:00,334,66.8,267.2
South Africa,Type B Charger,2328,1,0.2,2022-09-01 00:00:00,2328,465.6,1862.4
South Africa,Type B Charger,2313,1,0.2,2022-05-01 00:00:00,2313,462.6,1850.4
South Africa,Type B Charger,1804,1,0.2,2021-11-01 00:00:00,1804,360.8,1443.2
Zambia,Type B Charger,2072,1,0.2,2022-12-01 00:00:00,2072,414.4,1657.6
Kenya,Type B Charger,766,1,0.2,2022-01-01 00:00:00,766,153.2,612.8
Kenya,Type B Charger,2992,1,0.2,2021-10-01 00:00:00,2992,598.4,2393.6
Ghana,Type B Charger,2157,1,0.2,2022-12-01 00:00:00,2157,431.4,1725.6
South Africa,Type B Charger,677,1,0.2,2022-03-01 00:00:00,677,135.4,541.6
Zambia,Type B Charger,1773,1,0.2,2022-04-01 00:00:00,1773,354.6,1418.4
Ghana,Type B Charger,2420,1,0.2,2022-09-01 00:00:00,2420,484,1936
Nigeria,Type B Charger,2734,1,0.2,2022-10-01 00:00:00,2734,546.8,2187.2
Ghana,Type B Charger,1715,1,0.2,2021-10-01 00:00:00,1715,343,1372
Zambia,Type B Charger,1186,1,0.2,2021-12-01 00:00:00,1186,237.2,948.8
Ghana,Type B Charger,2661,1,0.2,2022-05-01 00:00:00,2661,532.2,2128.8
South Africa,Type B Charger,982.5,1,0.2,2022-01-01 00:00:00,982.5,196.5,786
South Africa,Type B Charger,1298,1,0.2,2022-02-01 00:00:00,1298,259.6,1038.4
Ghana,Type B Charger,604,1,0.2,2022-06-01 00:00:00,604,120.8,483.2
Ghana,Type B Charger,2255,1,0.2,2022-07-01 00:00:00,2255,451,1804
Nigeria,Type B Charger,1249,1,0.2,2022-10-01 00:00:00,1249,249.8,999.2
Zambia,Type B Charger,293,1,0.2,2022-02-01 00:00:00,293,58.6,234.4
South Africa,Type B Charger,2996,1,0.2,2021-10-01 00:00:00,2996,599.2,2396.8
Nigeria,Type B Charger,2227.5,1,0.2,2022-01-01 00:00:00,2227.5,445.5,1782
Kenya,Type B Charger,1199,1,0.2,2022-04-01 00:00:00,1199,239.8,959.2
Nigeria,Type B Charger,200,1,0.2,2022-05-01 00:00:00,200,40,160
Nigeria,Type B Charger,388,1,0.2,2022-09-01 00:00:00,388,77.6,310.4
Ghana,Type B Charger,1727,1,0.2,2021-10-01 00:00:00,1727,345.4,1381.6
Nigeria,Type B Charger,2300,1,0.2,2022-12-01 00:00:00,2300,460,1840
Ghana,Type B Charger,546,1,0.2,2022-10-01 00:00:00,546,109.2,436.8
Ghana,Type B Charger,1368,1,0.2,2022-02-01 00:00:00,1368,273.6,1094.4
Zambia,Type C Charger,2750,5,2.2,2022-02-01 00:00:00,13750,6050,7700
South Africa,Type C Charger,1953,5,2.2,2022-04-01 00:00:00,9765,4296.6,5468.4
Kenya,Type C Charger,4219.5,5,2.2,2022-04-01 00:00:00,21097.5,9282.9,11814.6
Zambia,Type C Charger,1899,5,2.2,2022-06-01 00:00:00,9495,4177.8,5317.2
Kenya,Type C Charger,1686,5,2.2,2022-07-01 00:00:00,8430,3709.2,4720.8
South Africa,Type C Charger,2141,5,2.2,2022-08-01 00:00:00,10705,4710.2,5994.8
South Africa,Type C Charger,1143,5,2.2,2022-10-01 00:00:00,5715,2514.6,3200.4
South Africa,Type C Charger,615,5,2.2,2022-12-01 00:00:00,3075,1353,1722
South Africa,Type C Charger,1989,5,2.2,2021-09-01 00:00:00,9945,4375.8,5569.2
Zambia,Type C Charger,321,5,2.2,2021-11-01 00:00:00,1605,706.2,898.8
Kenya,Type C Charger,259,5,2.2,2022-03-01 00:00:00,1295,569.8,725.2
Ghana,Type C Charger,1101,5,2.2,2022-03-01 00:00:00,5505,2422.2,3082.8
Kenya,Type C Charger,2276,5,2.2,2022-05-01 00:00:00,11380,5007.2,6372.8
Kenya,Type C Charger,2966,5,2.2,2021-10-01 00:00:00,14830,6525.2,8304.8
South Africa,Type C Charger,1236,5,2.2,2022-11-01 00:00:00,6180,2719.2,3460.8
Zambia,Type C Charger,941,5,2.2,2022-11-01 00:00:00,4705,2070.2,2634.8
Nigeria,Type C Charger,1916,5,2.2,2022-12-01 00:00:00,9580,4215.2,5364.8
Ghana,Type C Charger,1865,5,2.2,2022-02-01 00:00:00,9325,4103,5222
Ghana,Type C Charger,1074,5,2.2,2022-04-01 00:00:00,5370,2362.8,3007.2
Kenya,Type C Charger,1907,5,2.2,2022-09-01 00:00:00,9535,4195.4,5339.6
South Africa,Type C Charger,671,5,2.2,2021-10-01 00:00:00,3355,1476.2,1878.8
Nigeria,Type C Charger,1778,5,2.2,2021-12-01 00:00:00,8890,3911.6,4978.4
Ghana,Type C Charger,1683,5,2.2,2022-07-01 00:00:00,8415,3702.6,4712.4
Ghana,Type C Charger,1123,5,2.2,2022-08-01 00:00:00,5615,2470.6,3144.4
Kenya,Type C Charger,1159,5,2.2,2021-10-01 00:00:00,5795,2549.8,3245.2
Kenya,Type C Charger,1350,5,2.2,2022-02-01 00:00:00,6750,2970,3780
Nigeria,Type C Charger,552,5,2.2,2022-08-01 00:00:00,2760,1214.4,1545.6
Nigeria,Type C Charger,1228,5,2.2,2021-10-01 00:00:00,6140,2701.6,3438.4
Kenya,Type C Charger,1250,5,2.2,2022-12-01 00:00:00,6250,2750,3500
Zambia,Type C Charger,1987.5,5,2.2,2022-01-01 00:00:00,9937.5,4372.5,5565
Ghana,Type C Charger,1679,5,2.2,2022-09-01 00:00:00,8395,3693.8,4701.2
South Africa,Type C Charger,727,5,2.2,2021-10-01 00:00:00,3635,1599.4,2035.6
Zambia,Type C Charger,1403,5,2.2,2021-10-01 00:00:00,7015,3086.6,3928.4
Zambia,Type C Charger,2076,5,2.2,2021-10-01 00:00:00,10380,4567.2,5812.8
Nigeria,Type C Charger,1135,5,2.2,2022-06-01 00:00:00,5675,2497,3178
Nigeria,Type C Charger,1645,5,2.2,2022-05-01 00:00:00,8225,3619,4606
Zambia,Type C Charger,2876,5,2.2,2022-09-01 00:00:00,14380,6327.2,8052.8
Kenya,Type C Charger,994,5,2.2,2021-09-01 00:00:00,4970,2186.8,2783.2
Nigeria,Type C Charger,1118,5,2.2,2022-11-01 00:00:00,5590,2459.6,3130.4
South Africa,Type C Charger,1372,5,2.2,2022-12-01 00:00:00,6860,3018.4,3841.6
South Africa,Type C Charger,1282,5,2.2,2022-06-01 00:00:00,6410,2820.4,3589.6
Nigeria,Type C Charger,708,5,2.2,2022-06-01 00:00:00,3540,1557.6,1982.4
South Africa,Type C Charger,2907,5,2.2,2022-06-01 00:00:00,14535,6395.4,8139.6
Kenya,Type C Charger,1366,5,2.2,2022-06-01 00:00:00,6830,3005.2,3824.8
Ghana,Type C Charger,2460,5,2.2,2022-06-01 00:00:00,12300,5412,6888
Kenya,Type C Charger,1520,5,2.2,2022-11-01 00:00:00,7600,3344,4256
Kenya,Type C Charger,711,5,2.2,2022-12-01 00:00:00,3555,1564.2,1990.8
Ghana,Type C Charger,1375,5,2.2,2021-12-01 00:00:00,6875,3025,3850
Ghana,Type C Charger,635,5,2.2,2022-12-01 00:00:00,3175,1397,1778
South Africa,Type C Charger,2071,5,2.2,2022-09-01 00:00:00,10355,4556.2,5798.8
Nigeria,Type C Charger,1269,5,2.2,2022-10-01 00:00:00,6345,2791.8,3553.2
Kenya,Type C Charger,970,5,2.2,2021-11-01 00:00:00,4850,2134,2716
Ghana,Type C Charger,1694,5,2.2,2022-11-01 00:00:00,8470,3726.8,4743.2
Ghana,Type C Charger,1038,5,2.2,2022-06-01 00:00:00,5190,2283.6,2906.4
Nigeria,Type C Charger,1630.5,5,2.2,2022-07-01 00:00:00,8152.5,3587.1,4565.4
Zambia,Type C Charger,306,5,2.2,2021-12-01 00:00:00,1530,673.2,856.8
South Africa,Type C Charger,579,5,2.2,2022-01-01 00:00:00,2895,1273.8,1621.2
Nigeria,Type C Charger,2240,5,2.2,2022-02-01 00:00:00,11200,4928,6272
South Africa,Type C Charger,2993,5,2.2,2022-03-01 00:00:00,14965,6584.6,8380.4
Nigeria,Type C Charger,3520.5,5,2.2,2022-04-01 00:00:00,17602.5,7745.1,9857.4
Ghana,Type C Charger,2039,5,2.2,2022-05-01 00:00:00,10195,4485.8,5709.2
Kenya,Type C Charger,2574,5,2.2,2022-08-01 00:00:00,12870,5662.8,7207.2
Nigeria,Type C Charger,707,5,2.2,2022-09-01 00:00:00,3535,1555.4,1979.6
Zambia,Type C Charger,2072,5,2.2,2022-12-01 00:00:00,10360,4558.4,5801.6
Zambia,Type C Charger,853,5,2.2,2022-12-01 00:00:00,4265,1876.6,2388.4
South Africa,Type C Charger,3199.5,5,2.2,2022-07-01 00:00:00,15997.5,7038.9,8958.6
Kenya,Type C Charger,472,5,2.2,2022-10-01 00:00:00,2360,1038.4,1321.6
Kenya,Type C Charger,3165,5,2.2,2022-01-01 00:00:00,15825,6963,8862
Ghana,Type C Charger,2629,5,2.2,2022-01-01 00:00:00,13145,5783.8,7361.2
Zambia,Type C Charger,1433,5,2.2,2022-05-01 00:00:00,7165,3152.6,4012.4
Ghana,Type C Charger,947,5,2.2,2021-09-01 00:00:00,4735,2083.4,2651.6
Ghana,Type C Charger,344,5,2.2,2021-10-01 00:00:00,1720,756.8,963.2
Ghana,Type C Charger,2157,5,2.2,2022-12-01 00:00:00,10785,4745.4,6039.6
South Africa,Type C Charger,270,5,2.2,2022-02-01 00:00:00,1350,594,756
Zambia,Type C Charger,3421.5,5,2.2,2022-07-01 00:00:00,17107.5,7527.3,9580.2
Nigeria,Type C Charger,2734,5,2.2,2022-10-01 00:00:00,13670,6014.8,7655.2
South Africa,Type C Charger,2548,5,2.2,2021-11-01 00:00:00,12740,5605.6,7134.4
Nigeria,Type C Charger,2761,5,2.2,2021-09-01 00:00:00,13805,6074.2,7730.8
Nigeria,Type C Charger,1659,5,2.2,2022-01-01 00:00:00,8295,3649.8,4645.2
Zambia,Type C Charger,1190,5,2.2,2022-06-01 00:00:00,5950,2618,3332
Ghana,Type C Charger,410,5,2.2,2022-10-01 00:00:00,2050,902,1148
Kenya,Type C Charger,1770,5,2.2,2021-12-01 00:00:00,8850,3894,4956
Zambia,Type C Charger,1393,5,2.2,2022-10-01 00:00:00,6965,3064.6,3900.4
South Africa,Type C Charger,2015,5,2.2,2021-12-01 00:00:00,10075,4433,5642
Nigeria,Type C Charger,888,5,2.2,2022-03-01 00:00:00,4440,1953.6,2486.4
South Africa,Type C Charger,2844,5,2.2,2022-05-01 00:00:00,14220,6256.8,7963.2
Zambia,Type C Charger,2475,5,2.2,2022-08-01 00:00:00,12375,5445,6930
Nigeria,Type C Charger,1743,5,2.2,2021-10-01 00:00:00,8715,3834.6,4880.4
South Africa,Type C Charger,2914,5,2.2,2022-10-01 00:00:00,14570,6410.8,8159.2
Zambia,Type C Charger,1731,5,2.2,2022-10-01 00:00:00,8655,3808.2,4846.8
Ghana,Type C Charger,1727,5,2.2,2021-10-01 00:00:00,8635,3799.4,4835.6
Ghana,Type C Charger,1870,5,2.2,2021-11-01 00:00:00,9350,4114,5236
Zambia,Type C Charger,2475,5,2.2,2022-03-01 00:00:00,12375,5445,6930
Ghana,Type C Charger,546,5,2.2,2022-10-01 00:00:00,2730,1201.2,1528.8
Nigeria,Iphone Charger,1618.5,4,1.5,2022-01-01 00:00:00,6474,2427.75,4046.25
Kenya,Iphone Charger,1321,4,1.5,2022-01-01 00:00:00,5284,1981.5,3302.5
Zambia,Iphone Charger,2178,4,1.5,2022-06-01 00:00:00,8712,3267,5445
Kenya,Iphone Charger,888,4,1.5,2022-06-01 00:00:00,3552,1332,2220
Ghana,Iphone Charger,2470,4,1.5,2022-06-01 00:00:00,9880,3705,6175
Kenya,Iphone Charger,1513,4,1.5,2022-12-01 00:00:00,6052,2269.5,3782.5
South Africa,Iphone Charger,1858,4,1.5,2022-02-01 00:00:00,7432,2787,4645
Ghana,Iphone Charger,1210,4,1.5,2022-03-01 00:00:00,4840,1815,3025
South Africa,Iphone Charger,2529,4,1.5,2022-07-01 00:00:00,10116,3793.5,6322.5
Nigeria,Iphone Charger,1445,4,1.5,2022-09-01 00:00:00,5780,2167.5,3612.5
South Africa,Iphone Charger,330,4,1.5,2021-09-01 00:00:00,1320,495,825
Zambia,Iphone Charger,2671,4,1.5,2022-09-01 00:00:00,10684,4006.5,6677.5
Kenya,Iphone Charger,766,4,1.5,2021-10-01 00:00:00,3064,1149,1915
Ghana,Iphone Charger,494,4,1.5,2021-10-01 00:00:00,1976,741,1235
Ghana,Iphone Charger,1397,4,1.5,2022-10-01 00:00:00,5588,2095.5,3492.5
Zambia,Iphone Charger,2155,4,1.5,2022-12-01 00:00:00,8620,3232.5,5387.5
Nigeria,Iphone Charger,742.5,4,1.5,2022-04-01 00:00:00,2970,1113.75,1856.25
Nigeria,Iphone Charger,1295,4,1.5,2022-10-01 00:00:00,5180,1942.5,3237.5
Kenya,Iphone Charger,214,4,1.5,2021-10-01 00:00:00,856,321,535
Zambia,Iphone Charger,2145,4,1.5,2021-11-01 00:00:00,8580,3217.5,5362.5
Nigeria,Iphone Charger,2852,4,1.5,2022-12-01 00:00:00,11408,4278,7130
Zambia,Iphone Charger,4243.5,4,1.5,2022-04-01 00:00:00,16974,6365.25,10608.75
Kenya,Iphone Charger,2580,4,1.5,2022-04-01 00:00:00,10320,3870,6450
Kenya,Iphone Charger,689,4,1.5,2022-06-01 00:00:00,2756,1033.5,1722.5
South Africa,Iphone Charger,1947,4,1.5,2022-09-01 00:00:00,7788,2920.5,4867.5
Nigeria,Iphone Charger,908,4,1.5,2021-12-01 00:00:00,3632,1362,2270
Nigeria,Iphone Charger,831,4,1.5,2022-05-01 00:00:00,3324,1246.5,2077.5
Nigeria,Iphone Charger,2851,4,1.5,2021-10-01 00:00:00,11404,4276.5,7127.5
Kenya,Iphone Charger,2021,4,1.5,2022-10-01 00:00:00,8084,3031.5,5052.5
South Africa,Iphone Charger,274,4,1.5,2022-12-01 00:00:00,1096,411,685
Zambia,Iphone Charger,1865,4,1.5,2022-02-01 00:00:00,7460,2797.5,4662.5
Kenya,Iphone Charger,1116,4,1.5,2022-02-01 00:00:00,4464,1674,2790
Zambia,Iphone Charger,1563,4,1.5,2022-05-01 00:00:00,6252,2344.5,3907.5
South Africa,Iphone Charger,991,4,1.5,2022-06-01 00:00:00,3964,1486.5,2477.5
Kenya,Iphone Charger,1016,4,1.5,2021-11-01 00:00:00,4064,1524,2540
Ghana,Iphone Charger,2791,4,1.5,2022-11-01 00:00:00,11164,4186.5,6977.5
South Africa,Iphone Charger,570,4,1.5,2022-12-01 00:00:00,2280,855,1425
Zambia,Iphone Charger,2487,4,1.5,2022-12-01 00:00:00,9948,3730.5,6217.5
South Africa,Iphone Charger,1117.5,4,1.5,2022-01-01 00:00:00,4470,1676.25,2793.75
Nigeria,Iphone Charger,2844,4,1.5,2022-06-01 00:00:00,11376,4266,7110
Ghana,Iphone Charger,562,4,1.5,2022-09-01 00:00:00,2248,843,1405
Nigeria,Iphone Charger,2299,4,1.5,2021-10-01 00:00:00,9196,3448.5,5747.5
South Africa,Iphone Charger,2030,4,1.5,2022-11-01 00:00:00,8120,3045,5075
South Africa,Iphone Charger,263,4,1.5,2021-11-01 00:00:00,1052,394.5,657.5
Kenya,Iphone Charger,887,4,1.5,2021-12-01 00:00:00,3548,1330.5,2217.5
Ghana,Iphone Charger,727,4,1.5,2022-02-01 00:00:00,2908,1090.5,1817.5
Nigeria,Iphone Charger,1884,4,1.5,2022-08-01 00:00:00,7536,2826,4710
Ghana,Iphone Charger,1834,4,1.5,2021-09-01 00:00:00,7336,2751,4585
South Africa,Iphone Charger,1761,4,1.5,2022-03-01 00:00:00,7044,2641.5,4402.5
Zambia,Iphone Charger,448,4,1.5,2022-06-01 00:00:00,1792,672,1120
Zambia,Iphone Charger,2181,4,1.5,2022-10-01 00:00:00,8724,3271.5,5452.5
Ghana,Iphone Charger,1540,4,1.5,2022-08-01 00:00:00,6160,2310,3850
Zambia,Iphone Charger,490,4,1.5,2022-11-01 00:00:00,1960,735,1225
Ghana,Iphone Charger,1362,4,1.5,2022-12-01 00:00:00,5448,2043,3405
Nigeria,Iphone Charger,1094,4,1.5,2022-06-01 00:00:00,4376,1641,2735
Ghana,Iphone Charger,367,4,1.5,2021-10-01 00:00:00,1468,550.5,917.5
Kenya,Iphone Charger,663,4,1.5,2022-05-01 00:00:00,2652,994.5,1657.5
Nigeria,Iphone Charger,819,4,1.5,2022-07-01 00:00:00,3276,1228.5,2047.5
Kenya,Iphone Charger,1580,4,1.5,2022-09-01 00:00:00,6320,2370,3950
Ghana,Iphone Charger,521,4,1.5,2022-12-01 00:00:00,2084,781.5,1302.5
South Africa,Iphone Charger,386,4,1.5,2021-10-01 00:00:00,1544,579,965
South Africa,Iphone Charger,3445.5,4,1.5,2022-04-01 00:00:00,13782,5168.25,8613.75
Zambia,Iphone Charger,1482,4,1.5,2021-12-01 00:00:00,5928,2223,3705
Zambia,Iphone Charger,1198,4,1.5,2021-10-01 00:00:00,4792,1797,2995
Nigeria,Iphone Charger,1937,4,1.5,2022-02-01 00:00:00,7748,2905.5,4842.5
Kenya,Iphone Charger,792,4,1.5,2022-03-01 00:00:00,3168,1188,1980
Kenya,Iphone Charger,2811,4,1.5,2022-07-01 00:00:00,11244,4216.5,7027.5
Zambia,Iphone Charger,2441,4,1.5,2022-10-01 00:00:00,9764,3661.5,6102.5
Nigeria,Iphone Charger,1560,4,1.5,2021-11-01 00:00:00,6240,2340,3900
Ghana,Iphone Charger,2706,4,1.5,2021-11-01 00:00:00,10824,4059,6765
Ghana,Iphone Charger,886,4,1.5,2022-06-01 00:00:00,3544,1329,2215
Nigeria,Iphone Charger,2416,4,1.5,2021-09-01 00:00:00,9664,3624,6040
Ghana,Iphone Charger,2156,4,1.5,2022-10-01 00:00:00,8624,3234,5390
Nigeria,Iphone Charger,2689,4,1.5,2022-11-01 00:00:00,10756,4033.5,6722.5
Zambia,Iphone Charger,2521.5,4,1.5,2022-01-01 00:00:00,10086,3782.25,6303.75
South Africa,Iphone Charger,2567,4,1.5,2022-06-01 00:00:00,10268,3850.5,6417.5
Nigeria,Iphone Charger,923,4,1.5,2022-03-01 00:00:00,3692,1384.5,2307.5
Zambia,Iphone Charger,1790,4,1.5,2022-03-01 00:00:00,7160,2685,4475
Kenya,Iphone Charger,442,4,1.5,2021-09-01 00:00:00,1768,663,1105
Ghana,Iphone Charger,2579,4,1.5,2022-04-01 00:00:00,10316,3868.5,6447.5
South Africa,Iphone Charger,1743,4,1.5,2022-05-01 00:00:00,6972,2614.5,4357.5
South Africa,Iphone Charger,2996,4,1.5,2021-10-01 00:00:00,11984,4494,7490
Kenya,Iphone Charger,280,4,1.5,2022-12-01 00:00:00,1120,420,700
Ghana,Iphone Charger,801,4,1.5,2022-07-01 00:00:00,3204,1201.5,2002.5
Zambia,Iphone Charger,1023,4,1.5,2021-09-01 00:00:00,4092,1534.5,2557.5
Nigeria,Iphone Charger,1496,4,1.5,2022-10-01 00:00:00,5984,2244,3740
South Africa,Iphone Charger,1010,4,1.5,2022-10-01 00:00:00,4040,1515,2525
Kenya,Iphone Charger,1513,4,1.5,2022-11-01 00:00:00,6052,2269.5,3782.5
Nigeria,Iphone Charger,2300,4,1.5,2022-12-01 00:00:00,9200,3450,5750
Ghana,Iphone Charger,2821,4,1.5,2021-12-01 00:00:00,11284,4231.5,7052.5
Zambia,Iphone Charger,1174,4,1.5,2022-08-01 00:00:00,4696,1761,2935
Kenya,Iphone Charger,2767,4,1.5,2022-08-01 00:00:00,11068,4150.5,6917.5
Kenya,Iphone Charger,1085,4,1.5,2022-10-01 00:00:00,4340,1627.5,2712.5
Nigeria,Mini Charger,2001,3,1.25,2022-02-01 00:00:00,6003,2501.25,3501.75
Kenya,Mini Charger,2838,3,1.25,2022-04-01 00:00:00,8514,3547.5,4966.5
Zambia,Mini Charger,2178,3,1.25,2022-06-01 00:00:00,6534,2722.5,3811.5
Kenya,Mini Charger,888,3,1.25,2022-06-01 00:00:00,2664,1110,1554
Zambia,Mini Charger,1527,3,1.25,2021-09-01 00:00:00,4581,1908.75,2672.25
Zambia,Mini Charger,2151,3,1.25,2022-09-01 00:00:00,6453,2688.75,3764.25
Nigeria,Mini Charger,1817,3,1.25,2022-12-01 00:00:00,5451,2271.25,3179.75
Nigeria,Mini Charger,1326,3,1.25,2022-03-01 00:00:00,3978,1657.5,2320.5
Kenya,Mini Charger,263,3,1.25,2022-03-01 00:00:00,789,328.75,460.25
Nigeria,Mini Charger,943.5,3,1.25,2022-04-01 00:00:00,2830.5,1179.375,1651.125
South Africa,Mini Charger,727,3,1.25,2022-06-01 00:00:00,2181,908.75,1272.25
Zambia,Mini Charger,787,3,1.25,2022-06-01 00:00:00,2361,983.75,1377.25
Kenya,Mini Charger,986,3,1.25,2022-09-01 00:00:00,2958,1232.5,1725.5
Ghana,Mini Charger,494,3,1.25,2021-10-01 00:00:00,1482,617.5,864.5
Ghana,Mini Charger,1397,3,1.25,2022-10-01 00:00:00,4191,1746.25,2444.75
Zambia,Mini Charger,1744,3,1.25,2022-11-01 00:00:00,5232,2180,3052
Ghana,Mini Charger,662,3,1.25,2022-06-01 00:00:00,1986,827.5,1158.5
Kenya,Mini Charger,214,3,1.25,2021-10-01 00:00:00,642,267.5,374.5
Kenya,Mini Charger,2877,3,1.25,2022-10-01 00:00:00,8631,3596.25,5034.75
Nigeria,Mini Charger,2729,3,1.25,2022-12-01 00:00:00,8187,3411.25,4775.75
South Africa,Mini Charger,266,3,1.25,2021-12-01 00:00:00,798,332.5,465.5
Ghana,Mini Charger,1940,3,1.25,2021-12-01 00:00:00,5820,2425,3395
South Africa,Mini Charger,2844,3,1.25,2022-02-01 00:00:00,8532,3555,4977
Ghana,Mini Charger,1916,3,1.25,2022-04-01 00:00:00,5748,2395,3353
Kenya,Mini Charger,1570,3,1.25,2022-06-01 00:00:00,4710,1962.5,2747.5
Nigeria,Mini Charger,1874,3,1.25,2022-08-01 00:00:00,5622,2342.5,3279.5
Ghana,Mini Charger,1642,3,1.25,2022-08-01 00:00:00,4926,2052.5,2873.5
Kenya,Mini Charger,1945,3,1.25,2021-10-01 00:00:00,5835,2431.25,3403.75
Kenya,Mini Charger,2479,3,1.25,2022-01-01 00:00:00,7437,3098.75,4338.25
Zambia,Mini Charger,866,3,1.25,2022-05-01 00:00:00,2598,1082.5,1515.5
South Africa,Mini Charger,349,3,1.25,2021-09-01 00:00:00,1047,436.25,610.75
Zambia,Mini Charger,2177,3,1.25,2022-10-01 00:00:00,6531,2721.25,3809.75
Ghana,Mini Charger,1514,3,1.25,2021-10-01 00:00:00,4542,1892.5,2649.5
Ghana,Mini Charger,2689,3,1.25,2022-10-01 00:00:00,8067,3361.25,4705.75
Nigeria,Mini Charger,1389,3,1.25,2021-10-01 00:00:00,4167,1736.25,2430.75
South Africa,Mini Charger,1265,3,1.25,2021-11-01 00:00:00,3795,1581.25,2213.75
Kenya,Mini Charger,2297,3,1.25,2021-11-01 00:00:00,6891,2871.25,4019.75
South Africa,Mini Charger,2663,3,1.25,2022-12-01 00:00:00,7989,3328.75,4660.25
South Africa,Mini Charger,570,3,1.25,2022-12-01 00:00:00,1710,712.5,997.5
Zambia,Mini Charger,2487,3,1.25,2022-12-01 00:00:00,7461,3108.75,4352.25
Nigeria,Mini Charger,2844,3,1.25,2022-06-01 00:00:00,8532,3555,4977
Ghana,Mini Charger,1498,3,1.25,2022-06-01 00:00:00,4494,1872.5,2621.5
Zambia,Mini Charger,1221,3,1.25,2021-10-01 00:00:00,3663,1526.25,2136.75
Ghana,Mini Charger,1123,3,1.25,2021-11-01 00:00:00,3369,1403.75,1965.25
Nigeria,Mini Charger,2436,3,1.25,2021-12-01 00:00:00,7308,3045,4263
South Africa,Mini Charger,1153,3,1.25,2022-10-01 00:00:00,3459,1441.25,2017.75
Zambia,Mini Charger,1738.5,3,1.25,2022-04-01 00:00:00,5215.5,2173.125,3042.375
Kenya,Mini Charger,2215,3,1.25,2021-09-01 00:00:00,6645,2768.75,3876.25
Nigeria,Mini Charger,1582,3,1.25,2022-12-01 00:00:00,4746,1977.5,2768.5
Nigeria,Mini Charger,3244.5,3,1.25,2022-01-01 00:00:00,9733.5,4055.625,5677.875
Zambia,Mini Charger,959,3,1.25,2022-02-01 00:00:00,2877,1198.75,1678.25
Ghana,Mini Charger,2747,3,1.25,2022-02-01 00:00:00,8241,3433.75,4807.25
Zambia,Mini Charger,574.5,3,1.25,2022-04-01 00:00:00,1723.5,718.125,1005.375
Kenya,Mini Charger,2338,3,1.25,2022-06-01 00:00:00,7014,2922.5,4091.5
Zambia,Mini Charger,381,3,1.25,2022-08-01 00:00:00,1143,476.25,666.75
Kenya,Mini Charger,422,3,1.25,2022-08-01 00:00:00,1266,527.5,738.5
Nigeria,Mini Charger,2134,3,1.25,2022-09-01 00:00:00,6402,2667.5,3734.5
South Africa,Mini Charger,808,3,1.25,2021-12-01 00:00:00,2424,1010,1414
South Africa,Mini Charger,436.5,3,1.25,2022-07-01 00:00:00,1309.5,545.625,763.875
South Africa,Mini Charger,1956,3,1.25,2022-01-01 00:00:00,5868,2445,3423
Kenya,Mini Charger,2659,3,1.25,2022-02-01 00:00:00,7977,3323.75,4653.25
South Africa,Mini Charger,1351.5,3,1.25,2022-04-01 00:00:00,4054.5,1689.375,2365.125
Kenya,Mini Charger,880,3,1.25,2022-05-01 00:00:00,2640,1100,1540
South Africa,Mini Charger,1867,3,1.25,2022-09-01 00:00:00,5601,2333.75,3267.25
Zambia,Mini Charger,2234,3,1.25,2021-09-01 00:00:00,6702,2792.5,3909.5
Zambia,Mini Charger,1227,3,1.25,2022-10-01 00:00:00,3681,1533.75,2147.25
Ghana,Mini Charger,877,3,1.25,2022-11-01 00:00:00,2631,1096.25,1534.75
Kenya,Mini Charger,360,3,1.25,2022-10-01 00:00:00,1080,450,630
Zambia,Mini Charger,2682,3,1.25,2021-11-01 00:00:00,8046,3352.5,4693.5
Ghana,Mini Charger,521,3,1.25,2022-12-01 00:00:00,1563,651.25,911.75
Ghana,Mini Charger,341,3,1.25,2022-05-01 00:00:00,1023,426.25,596.75
Ghana,Mini Charger,641,3,1.25,2022-07-01 00:00:00,1923,801.25,1121.75
South Africa,Mini Charger,2807,3,1.25,2022-08-01 00:00:00,8421,3508.75,4912.25
Ghana,Mini Charger,432,3,1.25,2022-09-01 00:00:00,1296,540,756
South Africa,Mini Charger,2294,3,1.25,2021-10-01 00:00:00,6882,2867.5,4014.5
Zambia,Mini Charger,2167,3,1.25,2021-10-01 00:00:00,6501,2708.75,3792.25
Nigeria,Mini Charger,2529,3,1.25,2022-11-01 00:00:00,7587,3161.25,4425.75
Kenya,Mini Charger,1870,3,1.25,2021-12-01 00:00:00,5610,2337.5,3272.5
South Africa,Mini Charger,1579,3,1.25,2022-03-01 00:00:00,4737,1973.75,2763.25
Ghana,Mini Charger,1005,3,1.25,2021-09-01 00:00:00,3015,1256.25,1758.75
Zambia,Mini Charger,1734,3,1.25,2022-01-01 00:00:00,5202,2167.5,3034.5
Ghana,Mini Charger,554,3,1.25,2022-01-01 00:00:00,1662,692.5,969.5
Nigeria,Mini Charger,2935,3,1.25,2021-11-01 00:00:00,8805,3668.75,5136.25
Nigeria,Mini Charger,2109,3,1.25,2022-05-01 00:00:00,6327,2636.25,3690.75
Zambia,Mini Charger,3874.5,3,1.25,2022-07-01 00:00:00,11623.5,4843.125,6780.375
Nigeria,Mini Charger,623,3,1.25,2021-09-01 00:00:00,1869,778.75,1090.25
South Africa,Mini Charger,986,3,1.25,2022-10-01 00:00:00,2958,1232.5,1725.5
South Africa,Mini Charger,2387,3,1.25,2022-11-01 00:00:00,7161,2983.75,4177.25
Ghana,Mini Charger,1233,3,1.25,2022-12-01 00:00:00,3699,1541.25,2157.75
Zambia,Mini Charger,1491,3,1.25,2022-03-01 00:00:00,4473,1863.75,2609.25
Kenya,Mini Charger,1531,3,1.25,2022-12-01 00:00:00,4593,1913.75,2679.25
South Africa,Mini Charger,2567,3,1.25,2022-06-01 00:00:00,7701,3208.75,4492.25
Nigeria,Mini Charger,1583,3,1.25,2022-06-01 00:00:00,4749,1978.75,2770.25
Nigeria,Mini Charger,1565,3,1.25,2022-10-01 00:00:00,4695,1956.25,2738.75
Kenya,Mini Charger,280,3,1.25,2022-12-01 00:00:00,840,350,490
Ghana,Mini Charger,2903,3,1.25,2022-03-01 00:00:00,8709,3628.75,5080.25
South Africa,Mini Charger,2541,3,1.25,2022-08-01 00:00:00,7623,3176.25,4446.75
Nigeria,Mini Charger,269,3,1.25,2021-10-01 00:00:00,807,336.25,470.75
Nigeria,Mini Charger,1496,3,1.25,2022-10-01 00:00:00,4488,1870,2618
South Africa,Mini Charger,1010,3,1.25,2022-10-01 00:00:00,3030,1262.5,1767.5
Zambia,Mini Charger,1281,3,1.25,2021-12-01 00:00:00,3843,1601.25,2241.75
Nigeria,Mini Charger,865.5,3,1.25,2022-07-01 00:00:00,2596.5,1081.875,1514.625
Kenya,Mini Charger,492,3,1.25,2022-07-01 00:00:00,1476,615,861
South Africa,Mini Charger,267,3,1.25,2021-10-01 00:00:00,801,333.75,467.25
Kenya,Mini Charger,1175,3,1.25,2022-10-01 00:00:00,3525,1468.75,2056.25
Nigeria,Mini Charger,2954,3,1.25,2021-11-01 00:00:00,8862,3692.5,5169.5
Kenya,Mini Charger,552,3,1.25,2022-11-01 00:00:00,1656,690,966
Zambia,Mini Charger,293,3,1.25,2022-12-01 00:00:00,879,366.25,512.75
South Africa,Mini Charger,1806,3,1.25,2022-05-01 00:00:00,5418,2257.5,3160.5
Ghana,Pin Charger,1493,6,2.75,2022-01-01 00:00:00,8958,4105.75,4852.25
Zambia,Pin Charger,1804,6,2.75,2022-02-01 00:00:00,10824,4961,5863
Kenya,Pin Charger,2161,6,2.75,2022-03-01 00:00:00,12966,5942.75,7023.25
Kenya,Pin Charger,1006,6,2.75,2022-06-01 00:00:00,6036,2766.5,3269.5
Kenya,Pin Charger,1545,6,2.75,2022-06-01 00:00:00,9270,4248.75,5021.25
South Africa,Pin Charger,2821,6,2.75,2022-08-01 00:00:00,16926,7757.75,9168.25
Nigeria,Pin Charger,345,6,2.75,2021-10-01 00:00:00,2070,948.75,1121.25
Zambia,Pin Charger,639,6,2.75,2022-11-01 00:00:00,3834,1757.25,2076.75
Zambia,Pin Charger,3864,6,2.75,2022-04-01 00:00:00,23184,10626,12558
Ghana,Pin Charger,362,6,2.75,2022-05-01 00:00:00,2172,995.5,1176.5
Nigeria,Pin Charger,923,6,2.75,2022-08-01 00:00:00,5538,2538.25,2999.75
South Africa,Pin Charger,663,6,2.75,2021-10-01 00:00:00,3978,1823.25,2154.75
Nigeria,Pin Charger,2092,6,2.75,2021-11-01 00:00:00,12552,5753,6799
South Africa,Pin Charger,1566,6,2.75,2022-10-01 00:00:00,9396,4306.5,5089.5
Kenya,Pin Charger,2966,6,2.75,2021-10-01 00:00:00,17796,8156.5,9639.5
Kenya,Pin Charger,2877,6,2.75,2022-10-01 00:00:00,17262,7911.75,9350.25
Kenya,Pin Charger,809,6,2.75,2021-10-01 00:00:00,4854,2224.75,2629.25
Ghana,Pin Charger,2145,6,2.75,2021-10-01 00:00:00,12870,5898.75,6971.25
Zambia,Pin Charger,1055,6,2.75,2022-12-01 00:00:00,6330,2901.25,3428.75
Ghana,Pin Charger,544,6,2.75,2021-12-01 00:00:00,3264,1496,1768
Ghana,Pin Charger,1084,6,2.75,2022-12-01 00:00:00,6504,2981,3523
Nigeria,Pin Charger,2009,6,2.75,2022-10-01 00:00:00,12054,5524.75,6529.25
Nigeria,Pin Charger,3850.5,6,2.75,2022-04-01 00:00:00,23103,10588.875,12514.125
South Africa,Pin Charger,736,6,2.75,2021-09-01 00:00:00,4416,2024,2392
South Africa,Pin Charger,1465,6,2.75,2022-03-01 00:00:00,8790,4028.75,4761.25
Nigeria,Pin Charger,2646,6,2.75,2021-09-01 00:00:00,15876,7276.5,8599.5
Zambia,Pin Charger,2177,6,2.75,2022-10-01 00:00:00,13062,5986.75,7075.25
Nigeria,Pin Charger,2431,6,2.75,2022-12-01 00:00:00,14586,6685.25,7900.75
South Africa,Pin Charger,555,6,2.75,2022-01-01 00:00:00,3330,1526.25,1803.75
Ghana,Pin Charger,2861,6,2.75,2022-01-01 00:00:00,17166,7867.75,9298.25
Kenya,Pin Charger,807,6,2.75,2022-02-01 00:00:00,4842,2219.25,2622.75
South Africa,Pin Charger,602,6,2.75,2022-06-01 00:00:00,3612,1655.5,1956.5
South Africa,Pin Charger,2832,6,2.75,2022-08-01 00:00:00,16992,7788,9204
Zambia,Pin Charger,1579,6,2.75,2022-08-01 00:00:00,9474,4342.25,5131.75
South Africa,Pin Charger,861,6,2.75,2022-10-01 00:00:00,5166,2367.75,2798.25
Zambia,Pin Charger,704,6,2.75,2021-10-01 00:00:00,4224,1936,2288
Zambia,Pin Charger,1033,6,2.75,2021-12-01 00:00:00,6198,2840.75,3357.25
Kenya,Pin Charger,1250,6,2.75,2022-12-01 00:00:00,7500,3437.5,4062.5
Nigeria,Pin Charger,952,6,2.75,2022-02-01 00:00:00,5712,2618,3094
South Africa,Pin Charger,2755,6,2.75,2022-02-01 00:00:00,16530,7576.25,8953.75
Kenya,Pin Charger,1530,6,2.75,2022-05-01 00:00:00,9180,4207.5,4972.5
Zambia,Pin Charger,1496,6,2.75,2022-06-01 00:00:00,8976,4114,4862
Ghana,Pin Charger,1498,6,2.75,2022-06-01 00:00:00,8988,4119.5,4868.5
Zambia,Pin Charger,1221,6,2.75,2021-10-01 00:00:00,7326,3357.75,3968.25
Zambia,Pin Charger,2076,6,2.75,2021-10-01 00:00:00,12456,5709,6747
Kenya,Pin Charger,1001,6,2.75,2022-08-01 00:00:00,6006,2752.75,3253.25
Ghana,Pin Charger,1333,6,2.75,2022-11-01 00:00:00,7998,3665.75,4332.25
Nigeria,Pin Charger,1262,6,2.75,2022-05-01 00:00:00,7572,3470.5,4101.5
Nigeria,Pin Charger,1135,6,2.75,2022-06-01 00:00:00,6810,3121.25,3688.75
South Africa,Pin Charger,547,6,2.75,2022-11-01 00:00:00,3282,1504.25,1777.75
Nigeria,Pin Charger,1582,6,2.75,2022-12-01 00:00:00,9492,4350.5,5141.5
Zambia,Pin Charger,1659,6,2.75,2022-07-01 00:00:00,9954,4562.25,5391.75
Ghana,Pin Charger,609,6,2.75,2022-08-01 00:00:00,3654,1674.75,1979.25
Kenya,Pin Charger,2087,6,2.75,2022-09-01 00:00:00,12522,5739.25,6782.75
Zambia,Pin Charger,1976,6,2.75,2022-10-01 00:00:00,11856,5434,6422
South Africa,Pin Charger,1421,6,2.75,2021-12-01 00:00:00,8526,3907.75,4618.25
South Africa,Pin Charger,1372,6,2.75,2022-12-01 00:00:00,8232,3773,4459
Kenya,Pin Charger,588,6,2.75,2021-12-01 00:00:00,3528,1617,1911
Nigeria,Pin Charger,598,6,2.75,2022-03-01 00:00:00,3588,1644.5,1943.5
South Africa,Pin Charger,2907,6,2.75,2022-06-01 00:00:00,17442,7994.25,9447.75
Kenya,Pin Charger,2338,6,2.75,2022-06-01 00:00:00,14028,6429.5,7598.5
Zambia,Pin Charger,386,6,2.75,2021-11-01 00:00:00,2316,1061.5,1254.5
Ghana,Pin Charger,635,6,2.75,2022-12-01 00:00:00,3810,1746.25,2063.75
Ghana,Pin Charger,245,6,2.75,2022-05-01 00:00:00,1470,673.75,796.25
Nigeria,Pin Charger,3793.5,6,2.75,2022-07-01 00:00:00,22761,10432.125,12328.875
Kenya,Pin Charger,1307,6,2.75,2022-07-01 00:00:00,7842,3594.25,4247.75
Nigeria,Pin Charger,567,6,2.75,2022-09-01 00:00:00,3402,1559.25,1842.75
Ghana,Pin Charger,2110,6,2.75,2022-09-01 00:00:00,12660,5802.5,6857.5
Nigeria,Pin Charger,1269,6,2.75,2022-10-01 00:00:00,7614,3489.75,4124.25
Zambia,Pin Charger,1967,6,2.75,2022-03-01 00:00:00,11802,5409.25,6392.75
Ghana,Pin Charger,2628,6,2.75,2022-04-01 00:00:00,15768,7227,8541
Kenya,Pin Charger,681,6,2.75,2022-01-01 00:00:00,4086,1872.75,2213.25
Kenya,Pin Charger,510,6,2.75,2022-04-01 00:00:00,3060,1402.5,1657.5
South Africa,Pin Charger,790,6,2.75,2022-05-01 00:00:00,4740,2172.5,2567.5
Zambia,Pin Charger,639,6,2.75,2022-07-01 00:00:00,3834,1757.25,2076.75
South Africa,Pin Charger,1596,6,2.75,2022-09-01 00:00:00,9576,4389,5187
South Africa,Pin Charger,2294,6,2.75,2021-10-01 00:00:00,13764,6308.5,7455.5
Kenya,Pin Charger,241,6,2.75,2022-10-01 00:00:00,1446,662.75,783.25
Kenya,Pin Charger,2665,6,2.75,2022-11-01 00:00:00,15990,7328.75,8661.25
Nigeria,Pin Charger,1916,6,2.75,2021-12-01 00:00:00,11496,5269,6227
Zambia,Pin Charger,853,6,2.75,2022-12-01 00:00:00,5118,2345.75,2772.25
Nigeria,Pin Charger,384,6,2.75,2022-01-01 00:00:00,2304,1056,1248
Kenya,Pin Charger,472,6,2.75,2022-10-01 00:00:00,2832,1298,1534
Zambia,Pin Charger,2805,6,2.75,2021-09-01 00:00:00,16830,7713.75,9116.25
Ghana,Pin Charger,655,6,2.75,2021-09-01 00:00:00,3930,1801.25,2128.75
Ghana,Pin Charger,344,6,2.75,2021-10-01 00:00:00,2064,946,1118
Nigeria,Pin Charger,1808,6,2.75,2022-11-01 00:00:00,10848,4972,5876
Ghana,Pin Charger,1395,6,2.75,2022-07-01 00:00:00,8370,3836.25,4533.75
South Africa,Pin Charger,986,6,2.75,2022-10-01 00:00:00,5916,2711.5,3204.5
Ghana,Pin Charger,905,6,2.75,2022-10-01 00:00:00,5430,2488.75,2941.25
Zambia,Pin Charger,3997.5,6,2.75,2022-01-01 00:00:00,23985,10993.125,12991.875
Nigeria,Pin Charger,2632,6,2.75,2022-06-01 00:00:00,15792,7238,8554
Zambia,Pin Charger,1190,6,2.75,2022-06-01 00:00:00,7140,3272.5,3867.5
Ghana,Pin Charger,604,6,2.75,2022-06-01 00:00:00,3624,1661,1963
Kenya,Pin Charger,660,6,2.75,2021-09-01 00:00:00,3960,1815,2145
Ghana,Pin Charger,410,6,2.75,2022-10-01 00:00:00,2460,1127.5,1332.5
Ghana,Pin Charger,2605,6,2.75,2021-11-01 00:00:00,15630,7163.75,8466.25
Kenya,Pin Charger,1013,6,2.75,2022-12-01 00:00:00,6078,2785.75,3292.25
Ghana,Pin Charger,1575,6,2.75,2022-02-01 00:00:00,9450,4331.25,5118.75
South Africa,Pin Charger,606,6,2.75,2022-04-01 00:00:00,3636,1666.5,1969.5
South Africa,Pin Charger,2460,6,2.75,2022-07-01 00:00:00,14760,6765,7995
Nigeria,Pin Charger,269,6,2.75,2021-10-01 00:00:00,1614,739.75,874.25
Kenya,Pin Charger,2536,6,2.75,2021-11-01 00:00:00,15216,6974,8242
Ghana,Pin Charger,500,6,2.75,2022-03-01 00:00:00,3000,1375,1625
Zambia,Pin Charger,2826,6,2.75,2022-05-01 00:00:00,16956,7771.5,9184.5
Zambia,Pin Charger,663,6,2.75,2022-09-01 00:00:00,3978,1823.25,2154.75
South Africa,Pin Charger,2574,6,2.75,2021-11-01 00:00:00,15444,7078.5,8365.5
South Africa,Pin Charger,2438,6,2.75,2021-12-01 00:00:00,14628,6704.5,7923.5
South Africa,Pin Charger,914,6,2.75,2022-12-01 00:00:00,5484,2513.5,2970.5
South Africa,Pin Charger,914,6,2.75,2022-12-01 00:00:00,5484,2513.5,2970.5
